,acc_x_median,acc_y_median,acc_z_median,gyro_x_median,gyro_y_median,gyro_z_median,orin_x_median,orin_y_median,orin_z_median,orin_w_median,eul_roll_median,eul_pitch_median,eul_yaw_median,acc_x_mad,acc_y_mad,acc_z_mad,gyro_x_mad,gyro_y_mad,gyro_z_mad,orin_x_mad,orin_y_mad,orin_z_mad,orin_w_mad,eul_roll_mad,eul_pitch_mad,eul_yaw_mad,gyro_mag,acc_mag,orin_mag,eul_mag,emg1_var,emg2_var,emg3_var,emg4_var,emg5_var,emg6_var,emg7_var,emg8_var,emg1_mav,emg2_mav,emg3_mav,emg4_mav,emg5_mav,emg6_mav,emg7_mav,emg8_mav,emg1_wl,emg2_wl,emg3_wl,emg4_wl,emg5_wl,emg6_wl,emg7_wl,emg8_wl,label
0,-0.264454156425513,-0.012755452231665566,0.0569773032791886,-0.6301592979509171,0.6131524806501791,0.6621831167401997,-1.0590370323883729,0.5874395869249327,-0.6931419290830959,0.5835253908427956,0.05265227641509917,0.33716930445312554,0.67888631977175,-0.7584951007755608,-0.9604661028925678,-0.5495964852788314,-1.00431644299298,-0.8389736420288132,-0.9581341503540084,0.026588063225228928,-0.6460619657858386,-0.3003412323177456,-0.08661328229624195,-0.07253636437675845,-0.18532478696439714,-0.26967812242735395,-1.0815469546306635,0.8410129883628441,0.5078851980671394,0.6557439811158089,0.9510422888271516,2.77327739684406,1.8835641318736849,2.2091627182784035,-0.11259665618231,0.6960587739111532,2.177635438079822,0.10668732523646768,1.2116382195467057,2.5056972863353266,2.0053195251781126,3.1272894995526226,0.2092760050809022,1.2654171848802962,1.9220316232712042,0.4519148480561439,0.7896831214827723,-1.093241169659502,4.395062096998808,2.1328777666441154,-0.3509095987122631,-1.5184770590595362,-1.1539649731512271,0.6059516820862542,Right
1,-0.8624680362188256,-1.5520249133289965,-1.5312370068437058,3.4190570744244533,0.9065268733057672,-3.1434669794678447,0.8630821698893273,0.8458351150666698,-0.7173535630606973,0.979021637816892,-1.5249273500637175,0.8064613605251278,0.7435671945947865,0.7444209897556481,0.9078288741585138,0.5784846562848073,-0.24146729439334885,-0.49391339737231205,0.8791667739739357,1.2875151759095818,1.270548818449983,1.5491820123848234,2.3374869022508435,1.4260754853630246,1.4035472042013055,1.9284977919231157,0.4087453025338195,-0.04094902609878572,0.04518783131414537,0.920788781540627,-0.6388312736044734,-0.2389688144320989,3.4934993322442813,1.3722520269233118,0.1510005815698141,-0.36383177031954206,-0.3681074421359897,-0.4471791035683091,-0.5297304147688765,-0.7041748900185721,2.4032150441371054,1.4631137301302868,0.14208071975887726,-0.2958399665978141,-0.4839084491259291,-0.4132018782494177,-0.8741548978488387,0.4322116252142217,0.16668389436470665,-0.010717978726854848,0.4588817829314209,-1.1102843012478327,0.029852795915598206,-0.6640069330645779,Right
2,0.5993446779523539,-0.12872588631762247,-0.11567262061333727,0.1923377776878301,1.3465884622891495,-0.9235044233464854,-0.7851112264284977,0.6333296438462577,-0.6086144060196403,0.4373516025449777,-0.17924747762634485,-0.5280353006047557,0.6027099499634461,-1.1633837671530556,-0.5988208583642803,-0.6776467108679131,-0.5231489865178096,-0.36162093649406624,-0.312378109263185,-0.17847400736897662,-0.32305433949550405,-0.2685058223360789,-0.2117304079984905,-0.143491870186541,-0.5458664947694699,-0.1755524623788326,-0.4949876145937912,0.7289947205219058,0.5446556958066399,0.5470102248906217,-0.6284768594868518,0.4758205410719209,0.9265046829825724,0.7244166495769135,-0.29593047459080035,1.6911170658392933,1.2133703189537748,0.03959069039093605,-0.5643770327503196,0.4877875096350527,0.8586396540904385,0.6568667936627494,-0.3097542650562634,1.6932748867181937,1.2451831826451194,0.21148451826910591,0.2137391917141377,1.7034222876089915,0.5956497989797604,-0.04224144557054559,-0.3509095987122631,0.11429397218727692,-0.6392615952960856,-0.3011616144500545,Right
4,0.13421873940744794,0.039950529820805686,0.07998157982787425,-0.18727625722236088,-0.12028350098879115,-0.225801905708344,-1.0345654912792779,0.5949797713618371,-0.6512739702967141,0.492700614806218,0.05966268164763845,-0.09405762824457216,0.6393757545184803,-0.9688012816909952,-0.6349883407917197,-0.018861129788917304,-0.6443379724461468,-0.5565038482992968,-0.030627974009035417,-0.2298027918184924,-0.6446729661306919,-0.3279137661334793,-0.2816440112733473,-0.3247595626633272,-0.3630495996878009,-0.3337058088991057,-0.6058311085053836,-0.7048833201282592,1.125856338904781,0.5760893363089539,0.30857559696831505,2.068120700278378,0.9003862171752489,1.4623056386255937,-0.1736192814714897,1.1651850767187348,1.3668117600526586,1.439416671949375,0.5395024794089691,1.6949485240583957,1.4045380953227569,1.3057058753894557,-0.11848589193931215,1.2456908361469121,1.4241103856336443,1.5390848792601612,0.9816644314056504,0.347464247721237,-0.5686862278325284,-2.6271657267531863,-1.160700980355947,-1.5184770590595362,1.110729889411395,0.4245290227789925,Right
5,0.4000036939920025,0.11903109486266095,0.09724657221712503,-0.1556417543131783,-0.19362709915268814,-0.5746531645274147,-1.2074960435635125,0.607242871870218,-0.6565927434882715,0.4960102392615529,0.13570411799650495,-0.2660493889361614,0.647103189280646,-0.9337381366783858,-0.3134153273587253,-0.22280123206230606,-0.4237629126691034,-0.3482898658025197,0.4859767174267134,-0.2004822977017933,-0.5049242452047721,-0.30453051829099337,-0.2727353946460237,-0.3069670735513472,-0.2635421406577195,-0.3329393523554535,-0.2612475315448423,-0.047818482501658564,0.1069962300651319,0.5826174090290976,1.2938302697558397,1.2523165183917144,2.132885389077805,2.637555043522684,-0.27426026880488497,-0.05438938067268771,1.1259143427718388,0.9171123733322836,1.367870658539637,1.0574600177211866,1.480223664842682,1.9169576434610505,-0.16911900113843598,0.2669551787299819,1.0629069325923133,1.0199113900436414,-0.17022342813161867,0.8559485126791451,0.4118072684304517,0.02080548811683589,-0.0809791381643684,1.7470650034340902,2.5518993474057914,-1.389697570293625,Right
6,0.3889289428806569,0.08211963385541213,0.12601370288072122,0.22397228059701269,-0.010268103742945593,0.2816181071193952,-1.1768564705765143,0.601263258392591,-0.6634947276612123,0.5078380774789818,0.1220250846572759,-0.15904605688912193,0.6521189515643772,-0.9259224988951456,-0.4151946232603369,-0.3140595940966321,-0.7026126260978689,-0.4211305002534591,-0.1452678210387644,-0.21961716843468929,-0.4881422440947164,-0.34601944147553704,-0.3116123036212461,-0.3381188500064624,-0.2926133936746093,-0.36680102643500895,-0.602356098544467,0.06531212671376051,0.7860768712003032,0.5977884066164169,1.24552973746161,0.8197279328378395,0.6563288769865846,2.6389152356452157,-0.1973855776217565,0.5775776752999126,1.498356530055727,2.487380328044741,1.4075805414418892,1.2529028420265524,0.53263282223788,1.8981656883101052,0.14370903470355362,0.9065463002709738,1.260552526888412,1.6312012884092009,0.4057205016370159,1.0254432676651142,0.7794923295290692,3.488386840922817,0.7288122434793156,0.9306794878106835,-0.3304395685830008,1.4223536489689321,Right
7,0.23389149940955925,0.1401156468799654,0.06272837241636002,0.4454138009612907,0.026403695339002917,-0.3209431581135451,-1.1569733434253755,0.6081853949248313,-0.6715275768208562,0.5295947890624138,0.08818914919818553,-0.120923626438516,0.6608695020162593,-1.0392427730854463,-0.7143877955457639,-0.7720327465695597,-0.8224532512940457,-0.5181241131071078,0.11010139396191054,-0.19780999003350735,-0.6008370564908592,-0.34161682988281905,-0.2776794291807487,-0.3100203786138121,-0.3111371868848711,-0.3530212293626649,-0.6476494686167706,0.33154352420363403,0.9262713747819152,0.6172467575189952,1.7102845288068491,3.0587824830662944,1.9199610565830496,2.6352296743777908,-0.426089416318288,-0.3706973804265448,0.5331468471176432,0.5257721877511051,1.5245948038631962,2.88485042497636,1.5765116604432845,1.6532336280074285,-0.3986872387372311,0.2896696297753621,0.5376551896732387,0.9963291994595154,1.2376395113028211,0.09322211524228312,-0.13972032321747466,3.488386840922817,0.18895132238352624,-0.7020915434361297,-1.2054353109367413,0.6966630117398851,Right
8,0.4664522006600769,-0.012755452231665566,-0.03511051278198358,-0.3770832746774564,-0.4870014918082763,0.027908100705525653,-0.8876359514234593,0.6056720001125298,-0.6168771359306792,0.4321507641151661,-0.05566722756340218,-0.3529445495562307,0.6086323757445681,-1.0877683975306918,-0.5807382985954909,-0.282146031604021,-0.7114640965648964,-0.3001532243611543,0.24382288803681976,-0.3021999806555941,-0.4747180287105578,-0.2953374435721425,-0.3273775772602152,-0.3864864985332922,-0.3465312792100027,-0.3218743599745581,-0.4190813299334896,-0.6672781343458244,0.8916470626780015,0.5436024798374599,-0.5205297079836151,0.02795573979326721,0.4240854336688689,0.4960848806646812,-0.3108256978489325,1.4987969346157584,1.0283162788041078,1.7430279079885629,-0.4813558884031128,0.5899402090538763,0.7043660186384528,0.6952332960818596,-0.4533128918232648,1.2600045516488905,1.3925639326024744,1.729655973266654,1.2376395113028211,1.0254432676651142,-0.5074053843160922,1.3447910955518467,-1.9704923619996308,0.11429397218727692,0.44161549819971135,1.4223536489689321,Right
9,0.444302698437385,0.25081764195698986,0.10300942633203557,0.6984898242347514,-0.8537194826277615,0.09133560230899307,-1.0865675161361033,0.6119554871432836,-0.6408625969109399,0.4671537243968853,0.08221997195369989,-0.3848645910563284,0.6318396340722778,-1.226168005528721,-0.6442381078225821,-0.33163166424096385,-0.6061082327955468,-0.2754521486177067,0.31403577841825364,-0.2427916598033905,-0.39058037588234573,-0.3307342257272156,-0.3179384168685561,-0.3471246811719252,-0.28880892972755445,-0.3746124802939764,-0.3761347631605729,-0.5594242675773832,0.8661080732661768,0.5653031911495073,0.7885308285281939,0.7875180420546741,0.568541530321641,1.0715114925524365,-0.5960212740689872,0.08629399975415694,0.7698577058089221,0.029150646931608976,0.9991957456997846,0.8146994570050475,0.7151875625212283,0.5701184367874114,-0.8155348280613582,0.3309142908840808,1.0564673518257732,0.3331476300674543,1.1736457413285286,0.09322211524228312,2.617917635022157,1.2817441618644654,2.0784645462187887,0.5224867299989803,0.9563188760548528,0.24310636347173076,Right
10,-3.531381219868232,-1.9263000025946768,-1.830469376642696,0.8566623387806642,0.39312168615848797,-1.0186456757516864,4.107441864367846,-0.3276575919186621,0.013151848562730387,-0.3351860533981702,-1.8840079364474016,3.492430802080141,-0.08246064582303511,3.215592921281325,2.042307864280632,2.1431483712432557,0.0533261194650021,-0.5594008805352017,0.9937166551831202,2.751902605713743,-0.28119015869377234,4.11735923138987,3.160153737006022,2.682466145994339,3.40319133272603,3.6725682434665994,-0.16504783257198036,1.1165528563124678,-0.060275016688421626,-0.5052728581561541,-1.0294691460513108,-0.5589845007490618,0.8796981932551307,1.0553297084746476,1.9845747873715132,-0.5029230881964628,-1.4216887007876593,-0.8141847567626163,-1.111371468093408,-0.4606614071915646,1.2466268191394207,1.8392167467613565,2.137294279993214,-0.29089872217986856,-1.673427280701083,-1.0475387187055587,-0.17022342813161867,-0.6695042821945788,0.2279647378811429,-0.04224144557054559,-0.3509095987122631,-1.9266698168712395,-1.771609026577397,-1.8432542185617795,Backward
11,-0.6409820860796532,0.1664686379061998,0.24110579549057906,-0.2821797659499086,-0.9637348798736072,-0.03551940089794175,0.931958525859285,-0.30690148312035226,0.16047574817467666,-0.9146958699135204,0.2298756386258924,0.5036750146479777,-0.2137887739166602,-0.4896976545852151,-0.6769861503637716,-0.343204231681979,-0.8439954988921221,-0.7203699224315742,-1.1210111907480107,-0.39174487570575467,-0.7108235789404711,-0.4710247130129194,-0.4323914517189988,-0.3847209902294234,-0.7338776249758487,-0.3923561498056181,-1.0260340828566483,0.6798602638789051,-0.06663823903925754,-0.8764448775398089,-0.6738125570269008,-0.08938232291577179,-0.5220828265155546,-0.6336555818957286,-0.5910894539047712,-1.40660597249695,-0.809878262626857,-0.7428655077566599,-0.5495971170777788,-0.3710078397368656,-0.2634036394389449,-0.6795153840713091,-0.5741048289290012,-1.7725634256605483,-0.4890551794505803,-0.8758561859851423,-2.729974227103328,-0.3305147722226401,-0.5074053843160922,-0.2944291803200715,-0.6208400592601576,0.11429397218727692,0.13279347148662649,-0.7547182627182089,Backward
12,-0.6188325838569619,0.12431032985316814,0.3677000263747797,-1.0097733328611078,-0.34031429548048225,0.4719006119297974,0.9610184809263328,-0.3172795375195071,0.17020860256842918,-0.922749031058938,0.2189944087354781,0.5185153432918226,-0.22347011010577203,-0.8975376006575438,-0.6231309018223519,-0.3488981453042282,-0.8949872140986026,-0.5744952646784254,-1.0924662768481743,-0.3882375246958029,-0.7965683197641089,-0.4506191301548451,-0.4326063757667784,-0.3912752736781568,-0.7715803386245736,-0.3820365016397672,-0.9947797791853996,2.4813523721199515,0.10447523795254424,-0.8883940702276988,-0.7825785463873685,0.6441831673028641,0.2914412805198683,-0.6084197584562123,-0.5107577655368832,-0.04742227949095045,-0.6949005646874289,-0.9494041344910512,-0.4332860301530185,0.3888398293080916,0.493345912924325,-0.6156292069804309,-0.3545250910310571,0.6406110444723501,-0.5670500298921874,-0.9520851479365898,0.9176706614313578,-0.2457673947296555,-0.26228201025034714,-0.16833531294530854,0.18895132238352624,0.11429397218727692,0.18426380927214064,-0.3011616144500545,Backward
13,-0.5413138621214132,0.2666337549653619,0.22384080310132567,0.3821447951429256,-1.1470938752833495,0.4084731103263301,1.0742996517571533,-0.3700917309730725,0.2126382860941077,-0.9648440437449488,0.19588868536700813,0.5572813762916647,-0.26674291297252645,-0.7947938748441803,-0.6516193168559262,-0.7232976117641545,-0.24477989161425576,-0.5164615351090042,-0.964638886233658,-0.3558714233821708,-0.8853480699862792,-0.33419066951336684,-0.39202920390528784,-0.3610496164458696,-0.7475683863427851,-0.2947040788825082,-0.6723704474938609,0.3175640824814589,0.4151693252048754,-0.9448768718120664,-0.5998428953480037,-0.6411036750940313,0.8045724633366598,-0.5359308986312958,-0.210409202989452,-0.5824543194595365,-0.6732070220737227,-0.8136597713716813,-0.7138872246854358,-0.7582252973091048,1.0516662264367682,-0.4233635403373883,0.1039516254661105,-0.5420221629114276,-0.1654743983625664,-0.9161345807196932,-0.8101611278745459,0.4322116252142217,0.5956497989797604,-0.010717978726854848,-0.3509095987122631,0.9306794878106835,0.647496849341768,1.6944876379298246,Backward
15,-0.4970148576760303,0.2402699679575527,0.2756357802690832,-1.0414078357702907,-0.19362709915268814,0.2499043563176616,0.9273701119013291,-0.27201267890205194,0.13207620599222086,-0.8763832851764661,0.1896969555754585,0.4985989301586315,-0.1839487314346437,-0.4994507454323952,-0.2365340248267602,-0.1796010042996678,-0.6279367122614611,-0.5714567752953839,-0.8027470225459571,-0.3682527679415605,-0.6668098102858838,-0.3784340448841227,-0.3870096614037503,-0.3511184959532032,-0.7482261577473799,-0.2953525347439048,-0.7603952139105973,1.0196904186866709,0.8181482590017685,-0.8315435118412574,-1.0221718534681976,-0.6569412993426924,-0.5139000986798453,-0.5261814157297284,-0.4754361683816134,-0.4238716932492193,0.5563540429019206,-0.9765680868789328,-0.9096002189893904,-0.6347312050282421,-0.3152969266677124,-0.4263320497362326,-0.4804523975354093,-0.1378849157838773,0.4173267130233681,-1.18331821802894,-0.554186047977375,0.17796949273526774,-0.3848436972832197,-0.010717978726854848,1.2686731645751048,-0.7020915434361297,-0.9995539597946848,-0.3011616144500545,Backward
16,-0.3419751461829968,0.1717370769151346,0.16054368765922536,0.03416526314191719,-0.8170476835458129,-0.003805650096208048,0.8309632721836439,-0.2339718303699636,0.10627579940215373,-0.8494179842862751,0.21846982058882636,0.3819658051745715,-0.1566481785466949,-0.458901697063353,-0.5617286306509219,-0.24989977250726603,-0.6032348910563824,-0.5329601071649182,-0.9362552477949052,-0.3956384827252606,-0.4664020091684566,-0.3494503246772393,-0.3789522942081037,-0.3651918462935693,-0.6728949681709624,-0.241096426767489,-0.8229152410039674,-0.7371917421985922,-0.3727299516999894,-0.7947763823123847,-1.0414919951498756,-1.2065659394269648,-0.6081711108340331,-0.5889463380426265,-0.5175174347389895,-1.2690110065175864,-0.9136664563279134,-0.696433656576394,-0.9447281923259974,-1.5856357155908882,-0.5412412494948993,-0.5688205008807595,-0.532017458388485,-1.431124106592038,-1.0694108160223834,-0.8232011416556078,0.8536768914570649,-1.177988547152487,-0.936371288931146,0.17842282233528958,0.18895132238352624,1.7470650034340902,0.18426380927214064,1.0595083303544086,Backward
17,-0.1869331666680292,0.07158275583754732,0.2583707878798324,-0.6301592979509171,-0.08361170190684263,0.05962185150725936,0.8003236991966461,-0.21039845320622555,0.08715491174174174,-0.8238710938769425,0.20620558558451066,0.2935035164294797,-0.13732210542891676,-0.05456863690594671,-0.13795703431684656,-0.3796285735408952,-0.4910551917491053,-0.7504412842656002,-0.8143107270950787,-0.3693227855005994,-0.8507820070790164,-0.3992654146272583,-0.4081226947672339,-0.3717757243091712,-0.7617599829742313,-0.3453384470348761,-0.8062417478773319,2.9164771253322392,1.3441385501808238,-0.7641136477311652,-1.087204656661561,0.6431867716010149,-0.2539060890744761,-0.6178866536844869,-0.6743657911619364,-0.4197915227635336,-0.3624906309651382,-0.8612923275415157,-1.1404411866299522,0.6619567639208219,-0.2588108459609158,-0.6608442922449332,-0.6523359337123269,-0.38036726406040816,0.08429750651711995,-0.9916429999592632,-0.7461673579002532,-0.5000095272086095,0.16668389436470665,0.02080548811683589,-0.0809791381643684,0.5224867299989803,1.0077892138403668,-1.208274910986363,Backward
18,-0.5523886132327595,0.25081764195698986,0.18357153416338928,0.5719518125980211,0.09974729350289996,-0.6063669153291484,1.0436600787701529,-0.3323702071917274,0.18378639791697066,-0.9331507079185648,0.18034974859873945,0.5648018279971151,-0.236063582904393,-1.1998015307370096,-0.6513896953245648,-0.2624749282323633,-0.5907822722748743,-0.6934598214280862,-1.0806692550088564,-0.3979890011624127,-0.8012304559782629,-0.4253241548055258,-0.44462023426552544,-0.4086231895969704,-0.7755605192112487,-0.3556433670965073,-1.0164491081660891,-0.44907916180225455,1.241037003032492,-0.8984987947866726,-0.44261684455475203,-0.022938592359454432,0.18846382062702827,-0.6042455018859064,-0.11801595671825185,-0.25674437640723624,0.26133403210908746,-0.9400751454386058,-0.5373821369842567,-0.047353556915354617,0.3614972173410792,-0.6325922717593804,-0.11455778948983313,-0.31161747949158297,0.4409778019911759,-1.1138184263150657,-0.2342171981059114,0.9406958901721296,-1.0589329759640187,-0.23138224663269005,-0.0809791381643684,0.11429397218727692,0.3386748226286831,-0.11973895514279274,Backward
19,-0.4637906043419932,0.3667880760429468,0.25260793376492185,1.0148348533265772,-1.2937810716111438,-0.09894690250140917,0.8569642846120564,-0.2556704622228864,0.12313495708916032,-0.8688184292785561,0.2167052968228118,0.3953403951360816,-0.1735304192283867,-0.5296914196872408,-0.6343744907328512,-0.4998528401394818,-0.9014958652381312,-0.6846092042251208,-1.0999599265795994,-0.4110548373523418,-0.7998613697062996,-0.4228501912193863,-0.4311316355676271,-0.4096007471797408,-0.7973378283079035,-0.3499538562230175,-1.0022032002964385,-0.667486897063457,0.7990791363943459,-0.818098133239609,-1.2583260609906513,-1.4478557035013897,-0.8334014643964226,-0.6402256024917713,-0.6561076575811003,-2.143343281519023,-1.155307417352743,-1.0892973740499856,-1.4649567498347995,-1.0930315030483335,-0.9366438144424762,-0.7607841086726916,-0.7420973359380506,-1.9340504585729887,-0.9947435534525304,-1.384028631563181,0.5337080415856014,-0.6695042821945788,-0.8138096018982734,-0.3259526471637622,-0.3509095987122631,0.11429397218727692,0.2872044848431689,1.0595083303544086,Backward
20,-0.6631315883023445,-0.6664197486943729,-0.6105356208980606,1.1413728649633077,1.2732448641252525,-3.524031989088649,0.7697342728102805,0.4076288498612627,-0.4190869958793561,0.13552470344612158,-0.6926603070941647,0.38187764044179945,0.39875558032469577,2.7645822811456933,0.6718304391670662,0.6275908468908011,-0.6444782819673761,-0.4556797761248756,0.5248797938702544,1.4850513519905708,-0.3647176122220828,3.2426488106428097,2.8984575779707282,1.382420161751856,2.935906385940924,3.151005840780276,0.07773919781778006,0.7205758123332843,0.01621942939994724,0.28891479756613864,-0.5454009285244292,-0.3360016761127308,0.28210019374869233,-0.03757373317791541,1.5999296816675723,0.03553531341437323,-0.9310438757289036,-0.9601612190551466,-0.5748458524710721,-0.4105438764388633,0.4167302692460656,0.5624735646099561,1.6577365260621233,0.023438723028512496,-0.9975599597006314,-1.1580019494724196,-0.2982109680802041,-0.838999037180548,0.718211486012633,-0.5150934482259066,-1.4306314409038416,-0.29389878562442634,0.13279347148662649,0.6059516820862542,Left
21,-2.9887390544119063,-1.3306209231749475,-1.3413456605174048,-2.62313298122942,0.6131524806501791,3.3261381840858304,1.87925288512427,0.3912814827828916,-0.5539639651294638,0.5527776620036515,-1.364570291598331,2.892884610634471,0.5203574549550266,1.0223095796378985,0.3757177184738404,0.5705675889125504,0.3889057640590768,-0.5256556643900325,1.3440540601181377,1.2281230784323094,0.29416937096988083,1.4385710378294676,1.8952910376749152,1.2239447823492309,1.38035277322559,1.58069741614732,0.6324512485734378,1.3210091330289122,0.3878908913883485,0.4967991627615379,2.726219448332214,0.06211231857080345,-0.07017796072177745,-0.34002487996579644,0.5992366768311908,0.669255672331182,-0.4367828166718104,-0.7382416158656878,2.330998582363532,0.41369105426653496,0.2665097046122936,0.08322794293435262,0.9752233433284164,0.943530614460878,-0.2442202205906449,-0.6693802769978104,0.7896831214827723,0.008474737749298465,-1.1202138194804552,-0.07376491241423633,-0.3509095987122631,-0.7020915434361297,-0.27896923079748664,-1.208274910986363,Left
22,1.308101532815252,0.3351558500262052,0.21233866482698285,0.03416526314191719,-0.34031429548048225,0.15476310391246045,-0.5387159042163556,0.36235684084460185,-0.3135161146780939,-0.2353625092289363,0.22683143771425865,-1.227320490940718,0.2877408735794937,-1.2290263675972817,-1.171362578677344,-0.8860946648267208,-1.3651405883162024,-0.6778875637578967,-1.3526654166597343,-0.3865806123691882,-0.8062149963389025,-0.2901508417635021,-0.36370094068463227,-0.3858847965941267,-0.6739985550502985,-0.2522954331399067,-1.3027735919314525,-0.5334913176706356,0.004770489469286316,-0.0730525833149669,1.074341714226585,-0.7322933767412376,-0.5945046021457732,0.4781562531223959,3.8980210195736302,0.8156249022362861,0.16965253359381804,-0.8938983859063362,1.083070724704064,-0.657651301990657,-0.4800363727455183,1.1225335394410143,3.1218162637328537,1.3782118516295987,0.4630178894304202,-1.0195373732585913,-0.8741548978488387,0.09322211524228312,-1.4266180370626362,-1.1455627850997216,-2.7802837436433148,-0.7020915434361297,-0.8451429464381424,0.15239503381809985,Left
23,0.6214896441311746,0.2719129899558691,0.2641336419947404,0.2556067835061953,-1.0004066789555557,0.21819060551592787,-0.6795275587949036,0.3611001434384509,-0.3860471994973645,-0.11284439736597432,0.2898138085335766,-0.6390964144776262,0.3542142803629679,-1.0601888728105575,-0.8495705630680647,-0.7890403093762391,-1.2881439133026629,-0.22481912230935727,-1.1384865735053966,-0.2725460540767045,-0.5142531054429645,-0.3880645920089104,-0.4143573206879009,-0.2927175517506211,-0.6264745335631616,-0.3099220293919082,-0.9413666974285776,0.06937102517219444,-0.3237805760492181,0.03151529805192296,1.1579024657456949,-0.3477341942594183,-0.3863651860625704,0.4419472021766749,2.425859741952828,0.3765507351771204,0.5697970237232307,-0.6806489662467665,1.1916065171106804,-0.38828288535080296,-0.1541726964548827,0.7322301266804789,2.4846794896608264,0.23445136763527494,0.7945193359661885,-0.5597627727239439,-0.6181798179516678,0.4322116252142217,-1.0589329759640187,-0.5150934482259066,-2.5103532830954203,-1.1102843012478327,-1.3598463242932837,-1.4804088999472558,Left
24,0.4775246837494869,0.24028076393912506,0.25260793376492185,-0.3770832746774564,-0.9270630807916586,0.44018686112806377,-0.4713690195657157,0.3252636657663319,-0.3637543282431029,-0.14406492969873858,0.21430490863661525,-0.4646206124401865,0.3319012085120427,-0.7197211862411287,-0.9575033239154188,-0.8811580351944563,-1.2338961091841338,-0.33049009622843084,-0.973666690662358,-0.4038843057397387,-0.5870984851283979,-0.431386363719844,-0.4092024683915068,-0.37688153285139203,-0.6987854214462252,-0.3519390605354384,-0.9572893647773028,0.11861251906610892,0.12114992751481908,-0.0018792312710222735,1.3418122581932177,0.3665360065532001,-0.3632410369872969,-0.3307820761178468,0.8971914241064592,0.6726436132399956,0.6510462870951761,-0.76217870918183,1.2099278017058426,0.04998378146320261,-0.10899518287340516,-0.07104935387842125,1.228735307687062,0.7105425694761529,0.941617508750083,-0.7980941238439392,-1.7060739075146445,-0.9237464146735328,0.9633348600783779,-0.26290571347638075,0.4588817829314209,1.338872245622387,1.1622002271969092,-0.8454295923718397,Left
26,0.32248497225645306,0.3193505329994079,0.2526197187426584,0.41377929805210817,0.5031370834043336,-0.2575156565100777,-0.5494222034515852,0.3082879499848857,-0.35572147908345936,-0.16724780263997455,0.28525148131874906,-0.4843717166994296,0.3235748767607745,-0.6314463830155149,-0.7873202093656759,-0.5407958685720085,-1.1719339627101593,-0.3072296440362792,-0.8465489337168719,-0.38479456593153977,-0.3547574273651154,-0.5033129775114654,-0.4590077757883523,-0.3907137060644672,-0.4888457297542738,-0.4145958941194995,-0.90144232226712,-1.0848102987015733,0.27356483336083043,-0.025485479086226854,0.447339265392086,-0.7170992766717169,-0.35243068037514524,-0.6716049420656055,-0.5796981226898597,0.20828272066635636,-0.8306156620215905,-0.7372887275301296,0.9822920592821692,-0.3877430204665155,0.1648347593400594,-0.8894195159559449,-0.6007708728592518,0.5895621290457119,-0.8910023125368934,-0.7070343428255005,0.5337080415856014,-0.6695042821945788,-0.7525287583818372,-0.23138224663269005,0.9987427040272102,1.338872245622387,1.4710222539099942,0.5152403524326233,Left
27,0.5882699268410082,0.25609687694749705,0.20658759568981405,-0.09237274849481314,-0.2302988982346367,0.12304935311072675,-0.5846251170962216,0.3372125919231755,-0.3969072111237649,-0.09013432791835492,0.2691879564038268,-0.33247049448825616,0.3646309289664773,-0.18693820439120645,-0.4703735090979134,-0.5291582300498754,-0.9726106956628591,0.004493376474698387,-0.6045836722558453,-0.3782203659866022,-0.4715420821564295,-0.4509886289856593,-0.4113468934963293,-0.3761306236479166,-0.5889288400114696,-0.3842055590388425,-0.5931056816168321,-2.0542371720493917,1.2938415817300226,0.05061498372537975,1.2454701488664868,-0.2551258664086025,-0.29979223008242445,-0.18907394724366794,1.3407834515632735,0.4850732693220045,-0.3446616340292111,-0.7870067627412975,1.8514222085312724,0.10920910991671784,-0.12269980811321282,0.163221069908943,1.681138386337682,1.0044114477838724,-0.4589528040961282,-0.8147335617408831,2.2615398308915053,-0.07627263974368619,0.16668389436470665,-0.4835699813822159,-0.0809791381643684,0.5224867299989803,0.029852795915598206,0.5152403524326233,Left
28,0.4996741859721782,0.12429953387159336,0.022435533522942724,-0.6934283037692822,-0.2302988982346367,0.5353281135332648,-0.4667806056077598,0.3607859690869134,-0.40516994103480375,-0.059859402572830726,0.17027129753880785,-0.30791220817461995,0.37281585448420734,-0.6260796093968948,-0.4850694451730462,-0.3018778042777244,-1.06789657800161,-0.027871322374985876,-0.8085288748205179,-0.4034762482621096,-0.4689630484929213,-0.4545011439133584,-0.4044506976138332,-0.37742547142547495,-0.6121181061126209,-0.37275544755815415,-0.6627997583716069,-0.04275326250809251,0.812085151146798,0.07952849703225473,1.2375293137465035,-0.6634690975133707,-0.7515739364993004,-0.07870359632019751,2.8532156188814963,1.9806206137544984,-0.4446758601977213,-0.3517512567042734,1.5378098200683092,-0.31052201577522826,-1.0888159547562084,0.28364240901627785,2.3972507575422366,2.06782801130986,-0.5241543053699417,-0.2033882878976197,-0.6821735879259605,0.6017063802001911,-0.13972032321747466,-0.35747611400745294,-0.8907705198080523,-1.5184770590595362,-0.12455821744094422,-0.11973895514279274,Left
29,0.8872745987157284,0.2297222939581107,0.3101657650475899,0.2556067835061953,2.006680845764223,-0.16237440410487655,-0.4836047901202631,0.33658424322010005,-0.32969675337307897,-0.20177795942807372,0.23148914459211306,-0.8728431622393527,0.30258270549136906,-0.7122014990113046,-0.9180553917748764,-0.503780898005817,-1.1568277440980432,-0.19860815875101026,-1.2596041107668814,-0.4210526043712819,-0.7081821582254623,-0.4580595613499727,-0.45093492149657793,-0.39729992860502905,-0.7007921863544612,-0.4108159892967162,-0.934576341108299,0.29783622616888844,0.5671433357702357,-0.05177039527593241,0.2482537435743269,-1.4963389798634832,-0.06816445134103978,-0.4858015916307825,0.30707615185751075,-0.35417824953549376,-0.37896790618699605,-0.8152103039606882,0.5455744884156697,-1.524982920901046,0.2094516129616306,-0.44098671638875536,0.29280594116429315,0.032978173508023644,-0.0525576240046617,-0.8533456907191165,1.4936145911999923,0.09322211524228312,0.2279647378811429,-0.04224144557054559,0.9987427040272102,0.5224867299989803,-0.27896923079748664,0.3338176931253616,Left
30,-1.8370098456662776,-1.6785322254328183,-1.6981240766213213,0.4770483038704734,0.6131524806501791,-0.9869319249499529,0.31828950060821803,1.1017172483961053,-0.9980824535630104,1.823936982668522,-1.7544505608347218,1.9688736879940116,1.0638439955446577,1.5185305552423465,0.1953389221511214,0.2029515753099692,0.09542912159681173,-0.5299190072073976,0.9093651257242384,0.7163137814121099,0.6452409161285363,2.2051543704414147,2.967927542413052,0.8169592669676116,1.9605272815619048,2.6382613531247627,0.1123156924669512,1.1232501925022766,0.3866005455689957,1.5548979578063151,-1.029899258624631,1.4412469210844752,0.4624569310440197,-0.6116538567019953,-0.5447832774912275,-1.1400391307582007,-1.903662162815425,-0.08608175543708749,-1.3037478161305789,1.3940078327196006,0.8970811337928045,-0.6522739183353665,-0.6684153612901677,-1.1638720560722071,-2.6698358067650045,-0.045750156340001166,-0.04223588818303321,2.6356434400318234,1.3310199211769955,0.02080548811683589,-0.0809791381643684,-0.29389878562442634,-0.27896923079748664,0.4245290227789925,Enter
31,-0.28660365864820425,-1.225198163088428,-1.3586106529066582,0.3821447951429256,-0.9270630807916586,0.15476310391246045,-0.5142443631072636,1.1026597714507187,-0.944790904533904,1.5623293840350847,-1.2979952868049676,0.2588371435035353,1.0118647276988302,-0.23353047187900794,-0.4203042332797717,-0.03311571385500299,1.157138643026005,-0.2313689875201972,-0.5564829441850369,-0.26333566379291423,-0.1532693314183008,-0.3598344629240688,-0.3289119132369455,-0.2003313380034913,-0.4990407085556337,-0.3546645933885641,0.11144016609687396,0.18384829659834084,0.4250288312714518,1.464500990665984,-0.5317785639517034,-0.4421185612009269,-0.5309048057985698,-0.6919966248068042,-0.8014201046281195,-1.0068538262426316,-0.7711671999121996,0.23759735268937124,-0.5282923922717002,-0.5230845134702576,-0.9020173877327814,-1.040330810841908,-1.1647724598592841,-0.8889887750794716,-0.7900492081255915,0.8083757145960323,-0.10622965815732596,0.6864537576931756,0.10540305084827037,-0.010717978726854848,0.18895132238352624,1.7470650034340902,1.1622002271969092,0.15239503381809985,Enter
32,-0.5080896087873761,-1.2673780631046114,-1.1629564524654468,-0.4403522804958216,-0.12028350098879115,-0.09894690250140917,-0.4132491094316226,1.0614823298024585,-0.9330224931640868,1.5126540136972797,-1.2705338921582308,0.5379600751046844,0.9922758053469458,0.7542509678381595,0.627057597369819,-0.3718799348922659,1.9204262869915376,-0.5990875586552659,-0.3902990603299872,-0.26667187799990355,-0.3369603098646048,-0.4035734453295178,-0.3162913920774263,-0.19319804428590964,-0.6289266377955331,-0.3629915846449972,0.4729488932000474,0.5766098260815921,0.5758321784133759,1.4221988543560078,-0.031400306482308515,0.18033234962240424,-0.7494950615439473,-0.6774762754864221,-0.6547223999460497,-0.2299891513906248,-0.958240619497741,1.260512077664715,0.04830123880296585,0.2783986420132001,-1.2130933388427991,-0.9302801747400372,-0.8676958937457593,-0.3613490406661706,-0.6177924277875448,1.3170012932614263,0.2137391917141377,1.9576644200879456,0.6569306424961967,0.02080548811683589,1.2686731645751048,0.9306794878106835,0.4930858359852255,0.15239503381809985,Enter
33,-0.264454156425513,-1.1619445070365193,-1.3355828064024944,-0.7566973095876475,-0.5603450899721734,-0.2892294073118114,-0.44383853581798827,1.0897786230376736,-0.9366412611215352,1.528729332480336,-1.3073981319184516,0.4500377953478215,0.9978322385236164,0.23473819798194154,0.7583819012838469,-0.2322175978879367,1.5660944045145246,-0.5211133322602142,-0.29370110667272065,-0.25867803696814073,-0.3393849517343529,-0.3960457501917452,-0.3096999583132797,-0.18376240112075215,-0.6044287024224979,-0.3724531678496919,0.28602952255692,0.2499147660580458,0.3903112855877324,1.4382062514755785,-0.7428728326191208,-0.06305124357362114,-0.7466535769101981,-0.6958989260496107,-0.8735456933423298,-0.9159947645751668,-1.3085889847526393,0.6270017207805153,-0.5273252150321943,0.16507465144958386,-0.6774723853171737,-1.0551321876914304,-1.0780004556563407,-0.9176320749476216,-1.1362265496806752,1.023850959743097,-0.2342171981059114,1.1949380226510835,-0.7525287583818372,-0.19985877978899927,0.7288122434793156,0.5224867299989803,0.8533782004838244,1.4223536489689321,Enter
34,-0.2312321711134117,-1.3200840451570828,-1.2780485450753043,-0.2821797659499086,-0.5970168890541219,0.5036143627315312,-0.2586722129792096,1.0391656500448716,-0.9133343191332959,1.4724347132318574,-1.2767971566970524,0.4893460414542111,0.9710981423711936,0.7379383449301941,-0.06337634848410208,-0.307709653198926,1.2775413833243277,-0.4698966877248508,-0.4662982854262799,-0.22073601430816006,-0.15909778608163366,-0.3050606730596289,-0.21213035768314567,-0.1719646143513736,-0.4079796756587663,-0.2852928500045007,0.21709027542351586,0.2002968937797186,0.19460558729381866,1.382808622413511,-0.629826600680289,-0.3761808812770053,-0.2544718995688721,-0.6581514931106637,-0.4120201706215788,-0.15175886791987878,-0.3764811749958855,2.2338770531200263,-0.5421747090586665,-0.007703374743059063,-0.17806030971572118,-0.8971376403929402,-0.4819470369804262,0.0750778422676837,-0.3723765497960295,2.044856106852061,0.5977018115598941,-1.2627359246454712,-0.4461245407996559,-0.1368118461016178,0.18895132238352624,0.5224867299989803,-0.021617541869915942,2.23875561585161,Enter
35,-0.3419751461829968,-1.1039484940119662,-1.1859842989696106,-1.3261183619529342,-0.45032969272632783,-0.4160844105187462,-0.5647169166447653,1.0498527283963586,-0.9228372927756536,1.4591962154105145,-1.1453798776553328,0.32465211651782233,0.9796407424796372,0.5811734620587242,0.6487254817147527,-0.0007674220755199335,1.6012226090683248,-0.3921177051755425,-0.08512869091765286,-0.2621199698704649,-0.30398499180601224,-0.36074570726867694,-0.3018784395160584,-0.19454916861111055,-0.5544244324087316,-0.3638927469557972,0.42116267310849215,0.15798117602509326,0.32336468492990555,1.3864059519788632,-0.6508419813798791,0.6270933235658631,-0.27893081197209896,-0.6827463120748379,-0.9287288647273724,-1.1093104571658057,-0.7768995084796536,0.8349973429874257,-0.5858555802511433,0.9792828879990396,-0.1914696140922044,-0.9605604890273792,-1.1756092034126648,-1.587859073738897,-0.7864911283211905,0.8176801454715762,-0.2342171981059114,-0.5847569047015941,-0.5686862278325284,-0.04224144557054559,0.4588817829314209,0.5224867299989803,-0.021617541869915942,-1.0268522516791014,Enter
37,-0.24230692222475736,-1.1777498240633166,-1.2550324835488798,-0.3454487717682738,-0.34031429548048225,-1.0186456757516864,-0.4591332490111711,1.031934489560299,-0.9181988924531448,1.4435781983671883,-1.1815685114691064,0.4933399038487821,0.9701914788738027,0.5592198592441606,-0.061999732032929016,-0.15307184210794125,0.18587685965850576,-0.5082417604157433,-0.1164331272052162,-0.3944493160500784,-0.38994833982236293,-0.38015823326934267,-0.444181167455628,-0.3228263356267597,-0.5167052246504852,-0.4357193836243649,-0.2794455489750133,-0.7727155579875029,1.3332340242106808,1.3702162841304433,-0.6542022558087877,0.06978975984200413,-0.7775841205270476,-0.6868037037798705,-0.8458662134810786,-0.9581338090445868,0.4185051702717623,0.3766471671015933,-0.4382872376275232,0.4329313564181304,-0.7727200670984088,-0.9970054929564842,-1.028743515966425,-0.6497920954787739,-0.028754615893551237,0.9155459543691686,-0.6181798179516678,-1.4322306796314406,-1.2427755065133277,-0.2944291803200715,-0.3509095987122631,0.11429397218727692,-0.021617541869915942,-1.208274910986363,Enter
38,-0.14263643024458106,-1.4676759092782066,-1.3643617220438296,-0.7250628066784648,-0.5970168890541219,-0.09894690250140917,-0.5280096049811259,1.1076968618737324,-0.9393590448436768,1.5372552971193718,-1.3001413292230917,0.19619169263240116,1.004836006090617,0.4653748548882814,0.3508891652307635,-0.2245549958593667,1.807514276176156,-0.4020964333577837,-0.26696204510332866,-0.3198421379172341,-0.4171798559087849,-0.3785172511421896,-0.3852016853183243,-0.2608415735926851,-0.5442794860740321,-0.4197857896655741,0.4558475989878078,0.11429714704396295,-0.03190108661577428,1.453382167977598,-0.6710044443920511,0.5334481685753207,-0.9134922075321128,-0.6935256809494222,-0.9478332991568036,-0.5857184558480841,-1.3456085503859485,2.3839723812497047,-0.43788171989780783,0.9212943577106348,-1.1061020565628668,-1.043782004695849,-1.3570584320376893,-0.1378849157838773,-1.5630076756655733,1.72085175272374,-1.7060739075146445,-1.771220189603379,-0.6912479148654009,-0.16833531294530854,-0.0809791381643684,-0.29389878562442634,0.44161549819971135,-0.11973895514279274,Enter
39,-0.12048919604382538,-1.5203926873122549,-1.4449238298751834,0.5719518125980211,-0.3769860945624308,0.9158931231540692,-0.5448337894936293,1.1212115093890584,-0.9536153591842392,1.5746222748691883,-1.3022476301149557,0.2967105085840612,1.0194757102686705,0.9443045791010992,-0.011775501113466013,-0.06998847367135984,0.7928748978588955,-0.6258620665415818,-0.23612549963900475,-0.2616845073617284,-0.5809300676040016,-0.3262812006006874,-0.39737915915764704,-0.23692723819730765,-0.700069357896928,-0.34506444843336426,-0.07917695207571337,-0.11250945721050272,0.11642698437032553,1.4762600970216724,0.6013962312256097,-1.1230397990530376,-0.7116902741460954,-0.6798768046431122,-0.7597640070227378,-1.2775711714241011,-0.3441784735163202,1.4440898905856083,0.7455258913197707,-1.041666557303134,-0.6738814558774858,-0.98240896700408,-1.0513956616797009,-2.09722019583359,-0.34159010180326305,1.7834838520929852,-0.4261985080287896,1.1101906451580992,0.6569306424961967,-0.04224144557054559,0.18895132238352624,0.11429397218727692,-0.27896923079748664,-0.9361409220254706,Enter
40,3.0689121147953444,0.21919621192182304,-0.02934765866707565,2.628194501694889,1.2732448641252525,0.7256106183436669,2.1562376337227804,-1.650460886912401,1.8654456649627624,-0.999854754903612,0.19503821670501192,-2.954910633726096,-1.7933346653995033,1.1198375336013495,5.164310983257779,5.47409050874413,1.0557600575188442,-0.10844938806171632,1.4872033377215341,5.596764865757749,1.0174052202977115,2.5765544636757634,2.605185070121045,5.608877806961689,1.2792588946069003,2.6009706805369026,1.03826901234332,-0.8465522557934401,-2.0526828083339352,-0.9571185850361396,-1.2553542726039006,-1.8551790402582016,0.8025116630549576,0.00014785890431894962,0.3579252855837452,1.1324292183621398,-1.1568843756142255,-0.6312175352217774,-1.9716359461994812,-2.451843861197576,0.9884959595130004,0.4946974664118616,0.517904475092187,0.4972841242849217,-1.812085769698372,-0.9186031251948332,-0.17022342813161867,0.09322211524228312,-0.01715863618460214,-0.3259526471637622,-0.6208400592601576,0.11429397218727692,0.4930858359852255,-0.6640069330645779,Forward
41,-0.10941444493247976,1.3209261317199859,1.4207584973195388,0.5086828067796558,0.6131524806501791,0.4719006119297974,0.17594837471035235,-1.8312151771105247,1.7943865585032324,-1.2359154631277152,1.3916714690510357,-0.0812737419926343,-1.7810032100336144,-0.005677284090669781,0.2351404553343963,-0.0013920565488061394,-0.21701355875591505,1.6571003440753982,1.2481898642097813,-0.2160857417517204,1.9008601127175782,-0.19968464863940225,-0.34080801990227777,-0.3242755745603175,0.9100509885767896,-0.4143339258217891,1.1055074089732913,-0.7505736790007111,-1.3352277007608706,-1.3713323514155007,1.2164309577677244,0.3228103891966144,-1.3161393019495151,-0.5218557838882293,-0.22157235839521386,0.7032430944950425,0.06721438770087948,0.20468056952222896,0.5495143063713909,0.5681978413455748,-1.8346462718018701,-0.3336283204650613,0.04614498369040986,0.4459692300663142,-0.07440964825945172,-0.01892452830280383,0.3417267316627232,-2.1949570770683025,-0.3235628537667834,-0.010717978726854848,0.9987427040272102,0.11429397218727692,0.44161549819971135,-0.2104502847964236,Forward
42,-0.17586068357861856,1.2313086886602658,1.4150074281823677,-1.1363113444978383,0.7598396769779732,0.027908100705525653,0.16830101811376094,-1.8161260525580665,1.8072858348597525,-1.2179489303701805,1.3686054872088276,-0.3449744577136441,-1.793325515584392,0.5996759910876904,0.3870766034532644,0.6155208282121869,1.121059246142411,2.162150872306218,2.06637547567199,-0.24048027088860224,2.718745311348536,-0.11451165397150805,-0.3525250006877138,-0.3029674063254784,1.3612609507849052,-0.280817593906949,2.045091636190953,-0.6183066555714861,-2.062484572218967,-1.3502458568019278,1.3802471411606898,0.9769682481444264,-1.001248673209581,-0.5561969656020187,-0.3894864853043186,-0.4548866167617893,0.6249057999792634,-0.267240687514304,0.5930741147125617,0.36112515512463933,-1.562283644350957,-0.5374730416289637,-0.20681380794175666,-0.4256306357386939,0.7703376719199915,-0.2416701467120909,0.2777329616884304,1.4491801551300376,-0.01715863618460214,-0.04224144557054559,0.7288122434793156,0.9306794878106835,-1.9774903777194532,-0.3918729441036854,Forward
43,1.1309100510775918,1.8533407591062292,1.6624330358358554,2.1853114609663327,1.309916663207201,0.6938968675419334,-0.3367253968650763,-1.7674012159140144,1.897806942352732,-1.18434887881543,1.7948889945008075,-1.1765199719174997,-1.8663510217889188,0.40381174616033616,0.5160608787715136,0.06411414562502278,1.0858118780557522,1.750211398928348,1.1807005832202533,-0.2363615751596041,1.7915723874816183,-0.20812638398062475,-0.3654681636235192,-0.18086326532068128,0.8097315891439543,-0.41901026222144383,1.4672932320004284,0.10867017106338912,-1.5097000963067373,-1.3261573920578509,-0.6317133152071723,-0.3488294176046852,0.5369687387684272,-0.5022356322714935,-0.0596833963200069,1.098319065335767,0.6524506619139874,0.4275526762909464,-0.8583166155191732,-0.4212856094021565,0.35196767832676995,-0.4039245916933435,0.1086091148334846,0.9952637784202084,1.007954778110601,0.5318283569562234,-0.4261985080287896,0.17796949273526774,1.0858965471112505,0.052328954960526634,0.4588817829314209,-0.7020915434361297,-2.0804310532904817,1.1502196600080394,Forward
44,0.7543821214234515,1.5792199909181344,1.4610395512352168,-0.3138142688590912,0.17309089166679698,0.027908100705525653,0.0611878791608462,-1.7488535982950382,1.834667598554176,-1.2132053936800975,1.4830133930106018,-1.0522099028273195,-1.8067657621814932,1.0302097498130516,1.2560210250004205,1.305925417570897,1.643512536391959,3.0075347794029463,2.3038631808596515,-0.1955733303649375,2.674461593148368,-0.1328865162551631,-0.3146473306657665,-0.19558026258088027,1.3494407893879197,-0.4085837324868117,2.6763889497343483,-0.8870801413383008,-1.610594441112633,-1.3519944081646869,0.8005382939099016,0.6246503843988933,-1.187462009334379,-0.5743424819080329,-0.4289878893823854,0.7310791982867328,0.027330389977432902,-0.16132438137784175,0.40389352763570624,-0.025112023662973992,-1.6607504795030483,-0.6831769192455103,-0.5972421380105865,0.38936698940901815,0.4530477974960697,-0.3383009211084778,1.813583441071456,-0.5000095272086095,0.3505264249140154,0.2099462891789803,1.8085340856708945,1.338872245622387,0.7504375249127962,0.9687970007007776,Forward
45,0.920498852049766,1.6108630129164532,1.645179828424344,-0.5352557892233694,2.6301014301573478,1.169603129567939,-0.2663195695758009,-1.7689731177515438,1.8815113632820497,-1.1938204504417045,1.749416740152332,-1.0560649057677742,-1.8561464825357168,0.9797335605703512,0.6609971547519341,0.2239953222199336,0.477588043152451,1.914391063959077,0.8591590837161303,-0.29300760908082324,1.4599148895314162,-0.32926296419188394,-0.4038555312143263,-0.298691707214703,0.5597843857247772,-0.36129041379262455,1.4296351271219536,-1.732693269107883,-1.995229877710768,-1.3343282738914068,-0.3959046999951298,-0.2621105427407092,0.0570492005743328,-0.5201142405371593,-0.37398417449170973,-0.9582432122477892,0.09013742548569152,-0.19108498185926454,-0.25465696911373764,-0.14339440428941835,0.33019668263056723,-0.3535695788989115,-0.15229917312436275,-0.9492444271926238,0.247861332995038,0.06587391565023587,0.8536768914570649,-0.2457673947296555,-0.26228201025034714,0.4621340239285062,1.2686731645751048,-1.1102843012478327,-1.0510242975801989,0.24310636347173076,Forward
46,0.4332279473260394,1.5950468999080811,1.737244074530038,0.09743426896028236,1.6399628549447376,1.930733148809548,-0.1530634720452979,-1.7815473023719393,1.862731588994676,-1.2056405377821893,1.6495462846570363,-0.877749529618114,-1.8377462043469253,1.2193622242675335,0.37162465116563936,1.3176400616340302,1.2378981726261369,1.9399713695262384,1.3026226361028497,-0.2702709296063342,1.4034061014708838,-0.2895998381591873,-0.4346380216542765,-0.19304040869785954,0.4814275161491488,-0.3855016615093765,1.7716705692052084,-0.13407639683506606,-1.584069171077597,-1.3429545150076798,-0.526164721220547,0.29188272630220635,-0.5305032407523805,-0.5598311849288592,-0.5511430935458541,-0.16184376758527305,1.0469143386488022,-0.5649734828884351,-0.5335355360608484,0.294114055462862,-0.3486280261992803,-0.48554361507348603,-0.5104992141648096,-0.4439186174255039,1.2351912419787343,-0.3577801922969681,-1.9620489874118152,-1.0084937921665174,-1.4266180370626362,-0.2944291803200715,-0.8907705198080523,-2.3348625746829432,-1.2569056487222554,0.5152403524326233,Forward
48,0.4885971668388969,1.6530213209694848,1.6566937516764233,-0.6934283037692822,-3.6407762128558487,-0.7966494201395506,-0.13162580027452395,-1.7834333785610064,1.8439481069532475,-1.219840144344657,1.6529163660840165,-0.675345344356828,-1.8197418636120408,-0.0006596205168987503,0.16001498350983714,0.31748387310071235,1.3968803442320583,1.5683554234520611,1.2752823718080155,-0.29381943644039243,1.1540297475202181,-0.1912470013923012,-0.40437529450859705,-0.2378869081063517,0.413595822485106,-0.3613763335774732,1.6850152884444831,-0.06515469405926662,-2.6200594838628195,-1.3632757585100124,-0.9991900395582356,-0.367903091273926,-0.7233896076683751,-0.4737159016984306,0.07667993408877173,1.84892891115858,2.7907230100541875,-0.8311400625197866,-0.9427129767577556,-0.28301614063463393,-0.6307739112766173,-0.2309480334768659,0.34269379697483643,1.4544794815596354,1.5072575075452233,-0.7419758523948712,1.813583441071456,0.008474737749298465,-0.5686862278325284,-0.23138224663269005,-1.160700980355947,-0.7020915434361297,0.44161549819971135,0.4245290227789925,Forward
49,0.7986811258688341,1.726822651020835,1.4610395512352168,0.3821447951429256,1.1999012659613555,-0.4795119121222136,-0.030630546598882907,-1.7790318473999556,1.8468883559186744,-1.2094229657311442,1.5634184489429863,-0.8175153841882941,-1.8214537108392248,-0.11536492334434835,0.11518329575239278,-0.4011465267313177,1.510251331013286,1.6477351296565634,0.6704721458097733,-0.23439956365175055,0.985234848912236,-0.33637025555019673,-0.3903731844241309,-0.2210078979624104,0.2953727804842066,-0.4225687832533836,1.4631270034101886,-1.810812779207419,-1.8013978305660747,-1.3512773914979908,-0.8551596607497907,-1.2108322342360935,-1.0405271736448083,-0.4193379956147517,-0.11148707646045153,0.4227754625503422,1.6031718679940288,-0.6684712030556599,-0.8851805479859897,-1.5041490625740668,-1.1569395291989837,-0.22882099130919006,-0.10068452154136977,-0.05132953687152045,1.1663614693892217,-0.7086808013915964,-0.6181798179516678,0.2627168702282524,0.3505264249140154,-0.23138224663269005,-0.6208400592601576,-0.7020915434361297,1.7798442806230792,1.331642319315301,Forward
