timestamp,roll,pitch,yaw
1456703940183118,-0.9098620000000001,-0.179483,-0.416516
1456703940199117,-0.9104780000000001,-0.17927,-0.416358
1456703940221663,-0.9104760000000001,-0.17915999999999999,-0.416116
1456703940245138,-0.911111,-0.178839,-0.41601000000000005
1456703940260138,-0.911111,-0.178839,-0.41601000000000005
1456703940281140,-0.910716,-0.178587,-0.41569399999999995
1456703940306173,-0.910869,-0.17856,-0.415575
1456703940359613,-0.910869,-0.17856,-0.415575
1456703940360368,-0.9106719999999999,-0.17796199999999998,-0.415563
1456703940368561,-0.911285,-0.17763800000000002,-0.41516400000000003
1456703940383399,-0.9120379999999999,-0.17723599999999998,-0.414793
1456703940402364,-0.9122809999999999,-0.17682799999999999,-0.414734
1456703940425885,-0.912128,-0.17680099999999999,-0.414733
1456703940440425,-0.911975,-0.176773,-0.414732
1456703940486604,-0.9122180000000001,-0.176366,-0.41467200000000004
1456703940489394,-0.912529,-0.176208,-0.414754
1456703940506463,-0.9124329999999999,-0.17580199999999999,-0.414788
1456703940522135,-0.9121370000000001,-0.175069,-0.41485200000000005
1456703940544407,-0.912032,-0.174092,-0.414901
1456703940566408,-0.9117350000000001,-0.17330299999999998,-0.41484399999999994
1456703940582411,-0.9120010000000001,-0.172465,-0.414675
1456703940604653,-0.911644,-0.171324,-0.41479799999999994
1456703940626917,-0.9116690000000001,-0.170262,-0.414315
1456703940641459,-0.9122399999999999,-0.169369,-0.413911
1456703940664664,-0.9124059999999999,-0.16833900000000002,-0.413699
1456703940687636,-0.912897,-0.167201,-0.41342299999999993
1456703940701427,-0.912596,-0.165463,-0.413102
1456703940724958,-0.91222,-0.163635,-0.412441
1456703940746958,-0.9115139999999999,-0.161696,-0.41136300000000003
1456703940762155,-0.911615,-0.160126,-0.409319
1456703940784124,-0.912286,-0.158391,-0.406661
1456703940807128,-0.912668,-0.15644,-0.403936
1456703940821906,-0.9127430000000001,-0.15414,-0.40182399999999996
1456703940843190,-0.9124690000000001,-0.151221,-0.399704
1456703940867190,-0.911969,-0.148926,-0.39785
1456703940881200,-0.9125850000000001,-0.147422,-0.396196
1456703940903193,-0.911343,-0.146386,-0.395542
1456703940926705,-0.907848,-0.145519,-0.395451
1456703940941205,-0.903991,-0.14436300000000002,-0.396037
1456703940963206,-0.901433,-0.143907,-0.396611
1456703940986207,-0.899233,-0.14474700000000001,-0.397426
1456703941002209,-0.8961610000000001,-0.14564000000000002,-0.397906
1456703941023959,-0.891967,-0.146534,-0.398631
1456703941046220,-0.8883479999999999,-0.147532,-0.39934899999999995
1456703941061220,-0.8835940000000001,-0.147586,-0.399486
1456703941083221,-0.8787860000000001,-0.146347,-0.39870300000000003
1456703941106222,-0.874985,-0.144873,-0.39721799999999996
1456703941122729,-0.872208,-0.14389000000000002,-0.39594
1456703941143235,-0.869692,-0.143074,-0.394326
1456703941166236,-0.8659309999999999,-0.141305,-0.392142
1456703941182237,-0.862101,-0.138154,-0.389052
1456703941203238,-0.857457,-0.13398,-0.385565
1456703941226745,-0.8522139999999999,-0.129375,-0.38198699999999997
1456703941242251,-0.8466969999999999,-0.1248,-0.37824800000000003
1456703941263252,-0.8413069999999999,-0.120523,-0.375342
1456703941286254,-0.8353139999999999,-0.116719,-0.373971
1456703941302254,-0.8289040000000001,-0.113889,-0.373105
1456703941323762,-0.821572,-0.112134,-0.37299899999999997
1456703941346268,-0.816803,-0.112791,-0.372183
1456703941362269,-0.814163,-0.114409,-0.370068
1456703941383269,-0.812157,-0.11635999999999999,-0.366896
1456703941406472,-0.812945,-0.117691,-0.364292
1456703941423067,-0.814021,-0.12010799999999999,-0.361939
1456703941443380,-0.8099430000000001,-0.12256099999999999,-0.360564
1456703941466186,-0.8063819999999999,-0.122761,-0.35935
1456703941482182,-0.806729,-0.121903,-0.357792
1456703941503183,-0.810079,-0.122127,-0.356133
1456703941526934,-0.8117,-0.121905,-0.353937
1456703941542397,-0.809232,-0.121076,-0.351679
1456703941565400,-0.807231,-0.12052,-0.350371
1456703941586737,-0.807972,-0.120084,-0.349351
1456703941602402,-0.808872,-0.119474,-0.349076
1456703941624002,-0.809417,-0.11873099999999999,-0.349005
1456703941646024,-0.80907,-0.118049,-0.348183
1456703941663025,-0.806783,-0.11725,-0.34836300000000003
1456703941684185,-0.8039189999999999,-0.114729,-0.34882399999999997
1456703941707186,-0.802445,-0.112009,-0.349117
1456703941722552,-0.802663,-0.110536,-0.349321
1456703941743064,-0.79994,-0.109801,-0.350109
1456703941766063,-0.796523,-0.108206,-0.350152
1456703941788063,-0.793972,-0.106322,-0.350064
1456703941803064,-0.792127,-0.104379,-0.350155
1456703941827013,-0.78874,-0.10363599999999999,-0.35091999999999995
1456703941848474,-0.7827689999999999,-0.103226,-0.35244000000000003
1456703941863475,-0.777496,-0.10268800000000002,-0.35428899999999997
1456703941886753,-0.773041,-0.102374,-0.356352
1456703941908477,-0.769458,-0.102255,-0.357799
1456703941923488,-0.7657010000000001,-0.10308900000000001,-0.358725
1456703941946493,-0.762225,-0.104779,-0.35999899999999996
1456703941968499,-0.757594,-0.10628699999999999,-0.362404
1456703941985496,-0.754497,-0.106723,-0.364734
1456703942006532,-0.750722,-0.107795,-0.366653
1456703942028953,-0.746432,-0.10970999999999999,-0.369325
1456703942043901,-0.7438819999999999,-0.11170799999999999,-0.37201100000000004
1456703942067120,-0.740831,-0.113379,-0.374807
1456703942089091,-0.737166,-0.11458099999999999,-0.376433
1456703942105906,-0.732223,-0.11629400000000001,-0.378394
1456703942127003,-0.7293470000000001,-0.118397,-0.38090799999999997
1456703942148213,-0.727876,-0.120206,-0.383302
1456703942165211,-0.724126,-0.121331,-0.38659299999999996
1456703942186481,-0.72145,-0.120808,-0.389826
1456703942208500,-0.719962,-0.12174700000000001,-0.39305500000000004
1456703942226137,-0.7187279999999999,-0.12302300000000001,-0.396066
1456703942246803,-0.7164229999999999,-0.124046,-0.398995
1456703942268803,-0.7133109999999999,-0.125222,-0.40148
1456703942285803,-0.709793,-0.126277,-0.403192
1456703942306810,-0.706678,-0.127429,-0.40462800000000004
1456703942328860,-0.7037329999999999,-0.128962,-0.406579
1456703942345865,-0.7001189999999999,-0.130528,-0.40905199999999997
1456703942366867,-0.695131,-0.130978,-0.411922
1456703942388868,-0.68992,-0.130448,-0.414462
1456703942405870,-0.6860569999999999,-0.129671,-0.41653900000000005
1456703942426820,-0.684077,-0.128999,-0.418488
1456703942448586,-0.682358,-0.129205,-0.420555
1456703942465586,-0.679736,-0.129752,-0.423
1456703942486863,-0.675113,-0.129598,-0.42591999999999997
1456703942508802,-0.671056,-0.12954200000000002,-0.428849
1456703942525848,-0.668254,-0.13094,-0.43126499999999995
1456703942546805,-0.665195,-0.133707,-0.434036
1456703942569030,-0.6620199999999999,-0.135783,-0.43758800000000003
1456703942586030,-0.659378,-0.13658399999999998,-0.44131400000000004
1456703942607059,-0.656921,-0.136976,-0.44448999999999994
1456703942629215,-0.654207,-0.137277,-0.44649700000000003
1456703942645693,-0.6517470000000001,-0.137664,-0.448218
1456703942674733,-0.64986,-0.138514,-0.45085600000000003
1456703942688667,-0.647482,-0.13978,-0.45428500000000005
1456703942705928,-0.645258,-0.140434,-0.45780299999999996
1456703942726728,-0.644044,-0.141278,-0.46112600000000004
1456703942747950,-0.6442399999999999,-0.142262,-0.46452899999999997
1456703942772043,-0.642753,-0.14316199999999998,-0.46824099999999996
1456703942787042,-0.6403409999999999,-0.143959,-0.47197100000000003
1456703942809038,-0.63864,-0.144549,-0.47497799999999996
1456703942825932,-0.637133,-0.145343,-0.47763599999999995
1456703942847103,-0.635127,-0.14671199999999998,-0.479741
1456703942869043,-0.631618,-0.14756,-0.482254
1456703942885894,-0.6285350000000001,-0.147673,-0.484994
1456703942906896,-0.62722,-0.148332,-0.487996
1456703942928913,-0.6263380000000001,-0.149301,-0.49075100000000005
1456703942945921,-0.6256970000000001,-0.14977100000000002,-0.49339099999999997
1456703942965927,-0.625738,-0.14968,-0.495428
1456703942989027,-0.625784,-0.149624,-0.497199
1456703943012004,-0.624606,-0.14951099999999998,-0.499346
1456703943027623,-0.6222409999999999,-0.14888800000000002,-0.501797
1456703943048136,-0.620748,-0.148478,-0.50338
1456703943071353,-0.619039,-0.148892,-0.5044270000000001
1456703943096172,-0.616793,-0.14943900000000002,-0.5055890000000001
1456703943108336,-0.614116,-0.149515,-0.5068819999999999
1456703943131931,-0.612115,-0.149524,-0.507797
1456703943147728,-0.610578,-0.149325,-0.508523
1456703943168735,-0.609092,-0.149385,-0.509154
1456703943191736,-0.608255,-0.149568,-0.50963
1456703943207731,-0.607176,-0.149648,-0.510004
1456703943230742,-0.606394,-0.149567,-0.510419
1456703943251970,-0.605746,-0.14944200000000002,-0.510574
1456703943267756,-0.605504,-0.149339,-0.510471
1456703943288986,-0.6045119999999999,-0.149077,-0.510154
1456703943312147,-0.603571,-0.14844000000000002,-0.50978
1456703943328154,-0.604063,-0.147562,-0.509524
1456703943349369,-0.605384,-0.147026,-0.509552
1456703943371371,-0.6069760000000001,-0.146479,-0.509323
1456703943387371,-0.607416,-0.145189,-0.508249
1456703943408377,-0.6072890000000001,-0.143995,-0.506738
1456703943431893,-0.6065159999999999,-0.14208099999999999,-0.50555
1456703943447401,-0.6062850000000001,-0.140334,-0.504891
1456703943468619,-0.60634,-0.139396,-0.503949
1456703943491665,-0.606637,-0.139231,-0.5024109999999999
1456703943509405,-0.606745,-0.13926,-0.5008050000000001
1456703943529414,-0.606748,-0.138659,-0.499395
1456703943551758,-0.60737,-0.137658,-0.497841
1456703943568759,-0.609014,-0.13683399999999998,-0.496379
1456703943589026,-0.610442,-0.136354,-0.494943
1456703943611992,-0.611061,-0.135872,-0.49336
1456703943628055,-0.611382,-0.135438,-0.491346
1456703943650124,-0.611735,-0.135001,-0.488967
1456703943671018,-0.61133,-0.13378199999999998,-0.487203
1456703943687019,-0.6114069999999999,-0.132167,-0.485426
1456703943709045,-0.612405,-0.13185,-0.48408199999999996
1456703943731560,-0.61235,-0.13139800000000001,-0.48235600000000006
1456703943747030,-0.6098180000000001,-0.130742,-0.48118500000000003
1456703943768037,-0.609138,-0.128984,-0.479979
1456703943792050,-0.609768,-0.125551,-0.47824300000000003
1456703943809050,-0.610624,-0.119831,-0.47652700000000003
1456703943829254,-0.610801,-0.112954,-0.474235
1456703943851599,-0.611838,-0.10528599999999999,-0.47210100000000005
1456703943874264,-0.6112920000000001,-0.098085,-0.470179
1456703943888552,-0.609437,-0.0925304,-0.46863
1456703943911602,-0.609387,-0.0884364,-0.46736000000000005
1456703943934079,-0.612128,-0.08670449999999999,-0.46600699999999995
1456703943949294,-0.616885,-0.08708250000000001,-0.464714
1456703943971337,-0.62048,-0.08515299999999999,-0.464501
1456703943988321,-0.625016,-0.08287860000000001,-0.46538999999999997
1456703944010298,-0.618374,-0.080163,-0.466904
1456703944031819,-0.617025,-0.0779317,-0.466372
1456703944048326,-0.617462,-0.0793513,-0.465546
1456703944070327,-0.6160399999999999,-0.0821895,-0.465678
1456703944091368,-0.612907,-0.0867695,-0.46601099999999995
1456703944108328,-0.609837,-0.0923142,-0.466475
1456703944132377,-0.608935,-0.09691060000000001,-0.466369
1456703944151388,-0.610229,-0.100482,-0.465836
1456703944168354,-0.612101,-0.10346300000000001,-0.466304
1456703944190355,-0.612256,-0.105878,-0.467167
1456703944211362,-0.612035,-0.10921099999999999,-0.467847
1456703944228408,-0.612172,-0.113452,-0.46789899999999995
1456703944250636,-0.612294,-0.11885,-0.46706000000000003
1456703944271412,-0.611535,-0.123928,-0.465887
1456703944293392,-0.610288,-0.127248,-0.465017
1456703944310430,-0.6083569999999999,-0.127552,-0.464635
1456703944341409,-0.609799,-0.12645599999999999,-0.464199
1456703944353411,-0.614062,-0.125635,-0.46395299999999995
1456703944370411,-0.61674,-0.12423599999999999,-0.462825
1456703944391661,-0.618314,-0.123055,-0.46241099999999996
1456703944413413,-0.6175510000000001,-0.12231800000000001,-0.462366
1456703944430615,-0.61749,-0.12191099999999999,-0.462343
1456703944451560,-0.617409,-0.121769,-0.462794
1456703944473512,-0.6179399999999999,-0.121178,-0.46298500000000004
1456703944490539,-0.6182350000000001,-0.12100899999999999,-0.462642
1456703944511651,-0.618392,-0.120771,-0.46177799999999997
1456703944534115,-0.619634,-0.12061300000000001,-0.46081000000000005
1456703944549956,-0.620544,-0.12007000000000001,-0.460462
1456703944572064,-0.6209899999999999,-0.119182,-0.460207
1456703944592958,-0.6212479999999999,-0.118533,-0.460397
1456703944618090,-0.622379,-0.11827599999999999,-0.460374
1456703944631472,-0.623771,-0.11781300000000001,-0.459858
1456703944654091,-0.624305,-0.117257,-0.45978900000000006
1456703944669987,-0.624785,-0.116854,-0.45978500000000005
1456703944692091,-0.625592,-0.11676500000000001,-0.459689
1456703944713983,-0.6266619999999999,-0.116102,-0.459649
1456703944730510,-0.626895,-0.11511800000000001,-0.459711
1456703944751018,-0.627395,-0.114042,-0.45966
1456703944774016,-0.628304,-0.11346300000000001,-0.459585
1456703944791018,-0.628976,-0.113384,-0.45961599999999997
1456703944812020,-0.629192,-0.11310799999999999,-0.459463
1456703944834035,-0.628211,-0.112605,-0.459053
1456703944850050,-0.627236,-0.112252,-0.45876000000000006
1456703944872050,-0.627236,-0.112252,-0.45876000000000006
1456703944894051,-0.627236,-0.112252,-0.45876000000000006
1456703944911052,-0.627151,-0.11199300000000001,-0.45843900000000004
1456703944933407,-0.626876,-0.11189400000000001,-0.45791800000000005
1456703944954041,-0.626876,-0.11189400000000001,-0.45791800000000005
1456703944969921,-0.626606,-0.11190599999999999,-0.45738599999999996
1456703944993079,-0.62647,-0.111877,-0.457384
1456703945012920,-0.6261329999999999,-0.110927,-0.457138
1456703945038715,-0.626269,-0.110947,-0.456358
1456703945053507,-0.6260760000000001,-0.11062000000000001,-0.45593500000000003
1456703945073794,-0.6244770000000001,-0.11001500000000002,-0.456083
1456703945090508,-0.622091,-0.10879200000000001,-0.45653900000000003
1456703945113511,-0.6207229999999999,-0.106646,-0.45705200000000007
1456703945133817,-0.620775,-0.103925,-0.457484
1456703945150330,-0.6189479999999999,-0.100877,-0.45799799999999996
1456703945174330,-0.616908,-0.0975804,-0.45831099999999997
1456703945193548,-0.615297,-0.0945548,-0.45825600000000005
1456703945210332,-0.613273,-0.09241239999999999,-0.458471
1456703945238770,-0.611624,-0.08972589999999998,-0.45871899999999993
1456703945253561,-0.610889,-0.0865708,-0.45888500000000004
1456703945270561,-0.610933,-0.0834412,-0.45893
1456703945293562,-0.611564,-0.0804632,-0.45891899999999997
1456703945317563,-0.613329,-0.0773365,-0.4589
1456703945330857,-0.615857,-0.07415880000000001,-0.458129
1456703945353873,-0.618634,-0.0721951,-0.45764399999999994
1456703945373875,-0.6205229999999999,-0.0725059,-0.460395
1456703945391116,-0.62146,-0.0706971,-0.46021599999999996
1456703945412876,-0.617588,-0.0684831,-0.45996099999999995
1456703945433818,-0.6157520000000001,-0.0688586,-0.45962
1456703945450107,-0.613279,-0.0716166,-0.459458
1456703945473108,-0.6088899999999999,-0.0760576,-0.459534
1456703945493327,-0.604992,-0.082259,-0.459737
1456703945516326,-0.602798,-0.0880917,-0.460412
1456703945533995,-0.604767,-0.0917267,-0.46042700000000003
1456703945553640,-0.608125,-0.0938232,-0.460276
1456703945576648,-0.6099289999999999,-0.0951993,-0.460296
1456703945593354,-0.610937,-0.0978536,-0.460052
1456703945613356,-0.609362,-0.102126,-0.460312
1456703945636881,-0.606268,-0.10724000000000002,-0.46107
1456703945653390,-0.602531,-0.111724,-0.461642
1456703945673605,-0.601561,-0.114246,-0.461646
1456703945696391,-0.6043970000000001,-0.116381,-0.46119
1456703945720392,-0.605871,-0.118676,-0.460654
1456703945733981,-0.60497,-0.121643,-0.460421
1456703945757191,-0.603195,-0.123174,-0.46008699999999997
1456703945773191,-0.60332,-0.12249600000000001,-0.45948599999999995
1456703945797194,-0.606917,-0.12043800000000002,-0.45842299999999997
1456703945817194,-0.61023,-0.119182,-0.45845
1456703945833488,-0.608907,-0.11867,-0.459516
1456703945855282,-0.608176,-0.118343,-0.459858
1456703945876586,-0.607666,-0.118301,-0.460132
1456703945893284,-0.6074470000000001,-0.11805399999999999,-0.45993599999999996
1456703945915286,-0.6083350000000001,-0.118184,-0.45924899999999996
1456703945937079,-0.608121,-0.11801099999999999,-0.458916
1456703945953613,-0.608086,-0.11749100000000001,-0.45892700000000003
1456703945975631,-0.608212,-0.11688599999999999,-0.458974
1456703945996598,-0.608665,-0.116596,-0.45853999999999995
1456703946013599,-0.609196,-0.116002,-0.45794700000000005
1456703946035665,-0.61002,-0.11523900000000001,-0.45740299999999995
1456703946057009,-0.6105729999999999,-0.11445799999999999,-0.457374
1456703946072927,-0.611322,-0.11411099999999999,-0.457371
1456703946094928,-0.6123109999999999,-0.11378599999999998,-0.457219
1456703946115935,-0.6130800000000001,-0.113176,-0.456743
1456703946133486,-0.6130800000000001,-0.113176,-0.456743
1456703946154958,-0.6129439999999999,-0.113147,-0.456742
1456703946175959,-0.6129439999999999,-0.113147,-0.456742
1456703946193979,-0.6137739999999999,-0.112943,-0.45629
1456703946214963,-0.6143390000000001,-0.112831,-0.455951
1456703946236979,-0.613853,-0.11263800000000002,-0.455742
1456703946252991,-0.61382,-0.11215399999999999,-0.455491
1456703946274990,-0.614456,-0.11159000000000001,-0.45527
1456703946295991,-0.614643,-0.111392,-0.45534300000000005
1456703946312993,-0.614643,-0.111392,-0.45534300000000005
1456703946335534,-0.614507,-0.11136300000000002,-0.455341
1456703946356446,-0.614608,-0.110871,-0.454966
1456703946373220,-0.6146010000000001,-0.11030999999999999,-0.454488
1456703946395221,-0.61443,-0.10976099999999998,-0.45410900000000004
1456703946424436,-0.614581,-0.10903800000000001,-0.453025
1456703946433704,-0.616247,-0.10918499999999999,-0.45221400000000006
1456703946455630,-0.6154310000000001,-0.108608,-0.452622
1456703946476601,-0.612326,-0.107176,-0.453403
1456703946493597,-0.611815,-0.10471300000000001,-0.45388599999999996
1456703946515634,-0.6116590000000001,-0.100511,-0.45358100000000007
1456703946536674,-0.612043,-0.0962378,-0.453438
1456703946553669,-0.61241,-0.09155980000000001,-0.454085
1456703946575642,-0.612138,-0.0867762,-0.45448500000000003
1456703946596645,-0.611138,-0.0836784,-0.45502600000000004
1456703946613680,-0.6104569999999999,-0.0813423,-0.45518400000000003
1456703946635944,-0.610418,-0.0791479,-0.45494399999999996
1456703946656807,-0.6126739999999999,-0.0765065,-0.45436800000000005
1456703946673804,-0.61612,-0.07345080000000001,-0.454129
1456703946703804,-0.619748,-0.0711995,-0.453379
1456703946716836,-0.621949,-0.07181749999999999,-0.45565100000000003
1456703946733612,-0.624054,-0.0691367,-0.453933
1456703946755656,-0.622464,-0.0667863,-0.45395100000000005
1456703946776883,-0.618233,-0.0654999,-0.45351400000000003
1456703946799769,-0.6189520000000001,-0.0676041,-0.453029
1456703946815661,-0.617366,-0.0730313,-0.453506
1456703946838606,-0.613287,-0.0801814,-0.453132
1456703946859897,-0.609919,-0.0882566,-0.45187700000000003
1456703946877653,-0.6098399999999999,-0.0927293,-0.45076700000000003
1456703946898619,-0.613096,-0.09462910000000001,-0.44973900000000006
1456703946919817,-0.614212,-0.0961187,-0.449823
1456703946935855,-0.615049,-0.0984482,-0.45031899999999997
1456703946957958,-0.615274,-0.101191,-0.450549
1456703946978991,-0.6130140000000001,-0.103095,-0.450053
1456703946995797,-0.6133310000000001,-0.103256,-0.44867700000000005
1456703947019931,-0.616104,-0.103843,-0.44725200000000004
1456703947039512,-0.617079,-0.10466600000000001,-0.44621099999999997
1456703947055027,-0.6166739999999999,-0.104654,-0.44567799999999996
1456703947078029,-0.616452,-0.104369,-0.444967
1456703947099070,-0.617293,-0.10479200000000001,-0.44446899999999995
1456703947115030,-0.6190859999999999,-0.10574700000000001,-0.444483
1456703947138552,-0.61924,-0.10550999999999999,-0.44401599999999997
1456703947159065,-0.618664,-0.104621,-0.44455900000000004
1456703947175067,-0.618695,-0.105031,-0.44494399999999995
1456703947198068,-0.62029,-0.105551,-0.44454499999999997
1456703947219069,-0.620374,-0.10576600000000001,-0.443959
1456703947235487,-0.619509,-0.10549000000000001,-0.44376800000000005
1456703947259972,-0.619373,-0.10546199999999999,-0.443766
1456703947279183,-0.620475,-0.10530899999999999,-0.44371400000000005
1456703947295974,-0.6213890000000001,-0.10531800000000001,-0.44346199999999997
1456703947318975,-0.621814,-0.105098,-0.442874
1456703947339797,-0.621484,-0.104745,-0.442449
1456703947355289,-0.62083,-0.104157,-0.44236800000000004
1456703947384625,-0.6208279999999999,-0.104122,-0.44263199999999997
1456703947399625,-0.621803,-0.1045,-0.44266300000000003
1456703947415293,-0.6223770000000001,-0.10494300000000001,-0.44241400000000003
1456703947438814,-0.621594,-0.104848,-0.44228900000000004
1456703947459362,-0.6210680000000001,-0.10413900000000001,-0.44209499999999996
1456703947475626,-0.622002,-0.10355,-0.44204799999999994
1456703947498542,-0.623074,-0.103398,-0.44197299999999995
1456703947519620,-0.62307,-0.103322,-0.44172100000000003
1456703947535809,-0.622023,-0.103361,-0.44183199999999995
1456703947558829,-0.621862,-0.103447,-0.44179399999999996
1456703947579565,-0.621892,-0.10344400000000001,-0.44181899999999996
1456703947595571,-0.62267,-0.103424,-0.44156599999999996
1456703947618568,-0.62267,-0.103424,-0.44156599999999996
1456703947639675,-0.6219399999999999,-0.10317899999999999,-0.44176499999999996
1456703947669962,-0.6219399999999999,-0.10317899999999999,-0.44176499999999996
1456703947678663,-0.621804,-0.103152,-0.441763
1456703947699665,-0.621804,-0.103152,-0.441763
1456703947715924,-0.621447,-0.102876,-0.441176
1456703947738654,-0.621206,-0.102816,-0.440808
1456703947760977,-0.62029,-0.102771,-0.440932
1456703947781776,-0.618803,-0.10231900000000001,-0.441042
1456703947798765,-0.616283,-0.101125,-0.442004
1456703947820766,-0.6148710000000001,-0.09847,-0.44252600000000003
1456703947835562,-0.614648,-0.09587910000000001,-0.44319200000000003
1456703947858579,-0.614337,-0.0924752,-0.44384300000000004
1456703947880581,-0.614855,-0.0887893,-0.444194
1456703947901954,-0.6139100000000001,-0.0858039,-0.44455500000000003
1456703947918582,-0.6141300000000001,-0.08362810000000001,-0.444588
1456703947941040,-0.615626,-0.08087810000000001,-0.44429399999999997
1456703947957986,-0.618153,-0.0769368,-0.443617
1456703947977896,-0.6222340000000001,-0.07251089999999999,-0.442771
1456703947999897,-0.6270140000000001,-0.0692306,-0.442532
1456703948021938,-0.631426,-0.06728730000000001,-0.44306999999999996
1456703948038891,-0.630728,-0.0629396,-0.442308
1456703948059934,-0.629664,-0.0587822,-0.442799
1456703948088940,-0.628733,-0.056390800000000005,-0.442607
1456703948097936,-0.629111,-0.05568530000000001,-0.44179399999999996
1456703948120936,-0.62772,-0.057000699999999994,-0.44077799999999995
1456703948141893,-0.627676,-0.0623706,-0.441971
1456703948158887,-0.623757,-0.0716183,-0.44259499999999996
1456703948180871,-0.617654,-0.0821771,-0.44236499999999995
1456703948201903,-0.614584,-0.08850110000000001,-0.441511
1456703948225886,-0.6151909999999999,-0.08990989999999999,-0.441346
1456703948240853,-0.61821,-0.0887248,-0.44152600000000003
1456703948261915,-0.6216119999999999,-0.0876979,-0.44155900000000003
1456703948278913,-0.621642,-0.0894883,-0.442184
1456703948300911,-0.619505,-0.092175,-0.442353
1456703948321911,-0.6160359999999999,-0.0941345,-0.441655
1456703948338770,-0.61469,-0.09605369999999999,-0.44051
1456703948360014,-0.6167739999999999,-0.09731369999999999,-0.439247
1456703948381016,-0.620603,-0.09837169999999999,-0.43846
1456703948398017,-0.621822,-0.0975275,-0.43705
1456703948420017,-0.623164,-0.0960472,-0.436741
1456703948441859,-0.621517,-0.095723,-0.436933
1456703948457861,-0.620271,-0.09667139999999999,-0.436749
1456703948479862,-0.6192449999999999,-0.097826,-0.43624700000000005
1456703948502968,-0.617509,-0.0985137,-0.435992
1456703948517967,-0.617373,-0.09848660000000001,-0.43599
1456703948540659,-0.618399,-0.0986702,-0.43583299999999997
1456703948569941,-0.619017,-0.0987725,-0.435669
1456703948578676,-0.618273,-0.0992003,-0.43552700000000005
1456703948600677,-0.6171479999999999,-0.0994712,-0.43554
1456703948621996,-0.617796,-0.0995695,-0.435011
1456703948638484,-0.618571,-0.0995078,-0.434245
1456703948659994,-0.61884,-0.0994845,-0.433609
1456703948680996,-0.618566,-0.0993912,-0.43309
1456703948697999,-0.618566,-0.0993912,-0.43309
1456703948719997,-0.618919,-0.0995878,-0.433036
1456703948744025,-0.619252,-0.0999715,-0.43280799999999997
1456703948758069,-0.619252,-0.0999715,-0.43280799999999997
1456703948780033,-0.618445,-0.0999951,-0.432647
1456703948803034,-0.618445,-0.0999951,-0.432647
1456703948818035,-0.618309,-0.09996820000000001,-0.432645
1456703948841936,-0.618309,-0.09996820000000001,-0.432645
1456703948863208,-0.61802,-0.100177,-0.43271800000000005
1456703948878207,-0.617287,-0.09986,-0.43266499999999997
1456703948900208,-0.617151,-0.09983310000000001,-0.432663
1456703948923210,-0.6173489999999999,-0.100228,-0.432559
1456703948939298,-0.617325,-0.100341,-0.43252299999999994
1456703948960094,-0.6168710000000001,-0.100563,-0.432696
1456703948983094,-0.6168710000000001,-0.100563,-0.432696
1456703948999096,-0.61679,-0.10042000000000001,-0.43275399999999997
1456703949020096,-0.617347,-0.10019,-0.432433
1456703949058317,-0.617347,-0.10019,-0.432433
1456703949061348,-0.617947,-0.09924880000000001,-0.43235100000000004
1456703949080312,-0.616849,-0.09817949999999999,-0.433044
1456703949103313,-0.616366,-0.09713089999999999,-0.431767
1456703949119314,-0.61583,-0.09459680000000001,-0.43083999999999995
1456703949140326,-0.615858,-0.0910495,-0.42956000000000005
1456703949163335,-0.61755,-0.08719,-0.429339
1456703949184624,-0.618451,-0.083508,-0.429849
1456703949201337,-0.617935,-0.080233,-0.42979799999999996
1456703949222704,-0.618555,-0.07776,-0.42901000000000006
1456703949244354,-0.620328,-0.07589850000000001,-0.427275
1456703949259397,-0.624688,-0.0743484,-0.425547
1456703949282684,-0.628045,-0.069503,-0.42561000000000004
1456703949304615,-0.632642,-0.06357919999999999,-0.42754899999999996
1456703949319613,-0.6306729999999999,-0.0587703,-0.42939799999999995
1456703949342409,-0.631741,-0.0571822,-0.431012
1456703949364438,-0.6315109999999999,-0.0596604,-0.431529
1456703949381421,-0.626822,-0.0656735,-0.43152700000000005
1456703949402456,-0.6214109999999999,-0.072713,-0.43161499999999997
1456703949424421,-0.618494,-0.076698,-0.431859
1456703949439429,-0.619842,-0.0784242,-0.43252799999999997
1456703949462439,-0.622734,-0.08051760000000001,-0.433287
1456703949484441,-0.623322,-0.08293810000000001,-0.434263
1456703949499447,-0.621444,-0.0862505,-0.43487
1456703949522725,-0.618943,-0.0893804,-0.434618
1456703949544652,-0.6182,-0.0916322,-0.434033
1456703949559666,-0.619203,-0.0937142,-0.43328
1456703949582746,-0.6194189999999999,-0.0964913,-0.43282200000000004
1456703949604678,-0.618066,-0.0986089,-0.433058
1456703949619683,-0.614482,-0.0993664,-0.43275399999999997
1456703949642480,-0.6136560000000001,-0.09957830000000001,-0.43241999999999997
1456703949665685,-0.617452,-0.10017899999999999,-0.431508
1456703949678875,-0.621456,-0.101208,-0.430617
1456703949702956,-0.623007,-0.102025,-0.43117799999999995
1456703949724892,-0.623776,-0.101477,-0.43058100000000005
1456703949739692,-0.6237020000000001,-0.100548,-0.430216
1456703949762705,-0.622042,-0.100939,-0.43058500000000005
1456703949784707,-0.622105,-0.102538,-0.430609
1456703949799922,-0.621682,-0.10398800000000001,-0.43054899999999996
1456703949822949,-0.62147,-0.104226,-0.430187
1456703949844720,-0.621745,-0.104278,-0.429802
1456703949860941,-0.6223310000000001,-0.103968,-0.42925399999999997
1456703949883910,-0.622355,-0.103854,-0.42928999999999995
1456703949904905,-0.622438,-0.10403499999999999,-0.429357
1456703949920902,-0.62331,-0.104378,-0.429411
1456703949942987,-0.623502,-0.10462300000000001,-0.429192
1456703949964266,-0.623502,-0.10462300000000001,-0.429192
1456703949981266,-0.623502,-0.10462300000000001,-0.429192
1456703950002603,-0.623537,-0.10503,-0.429187
1456703950032338,-0.623537,-0.10503,-0.429187
1456703950041300,-0.623568,-0.105028,-0.42921099999999995
1456703950062273,-0.623432,-0.105001,-0.429209
1456703950084191,-0.623432,-0.105001,-0.429209
1456703950100972,-0.623432,-0.105001,-0.429209
1456703950122184,-0.623568,-0.105028,-0.42921099999999995
1456703950144488,-0.6229640000000001,-0.10466500000000001,-0.429299
1456703950168990,-0.6228279999999999,-0.10463800000000001,-0.42929700000000004
1456703950181990,-0.623078,-0.104843,-0.42938999999999994
1456703950204205,-0.623078,-0.104843,-0.42938999999999994
1456703950219992,-0.62248,-0.104554,-0.42933999999999994
1456703950242503,-0.62248,-0.104554,-0.42933999999999994
1456703950282008,-0.621966,-0.10444300000000001,-0.428968
1456703950287239,-0.621966,-0.10444300000000001,-0.428968
1456703950309223,-0.6207560000000001,-0.104499,-0.428791
1456703950324224,-0.619803,-0.10401400000000001,-0.428796
1456703950347023,-0.6200829999999999,-0.10332100000000001,-0.428888
1456703950362024,-0.620225,-0.102603,-0.429368
1456703950385026,-0.619257,-0.101523,-0.429551
1456703950407330,-0.618704,-0.09970280000000001,-0.42996599999999996
1456703950423028,-0.618388,-0.0974926,-0.43065299999999995
1456703950444539,-0.618961,-0.09536339999999999,-0.43132
1456703950467851,-0.619591,-0.093081,-0.431924
1456703950482837,-0.618524,-0.0905948,-0.432659
1456703950504854,-0.6179819999999999,-0.08877489999999999,-0.43307399999999996
1456703950527833,-0.617895,-0.08673310000000001,-0.43331899999999995
1456703950542852,-0.6183609999999999,-0.08438680000000001,-0.43299899999999997
1456703950564575,-0.619762,-0.0814845,-0.432771
1456703950587861,-0.621275,-0.0786147,-0.432917
1456703950602865,-0.6239979999999999,-0.0756168,-0.433015
1456703950624897,-0.628263,-0.07342739999999999,-0.432537
1456703950647595,-0.632443,-0.07235839999999999,-0.43198500000000006
1456703950662596,-0.632185,-0.0683866,-0.431266
1456703950684897,-0.631392,-0.0646618,-0.43201999999999996
1456703950707863,-0.628983,-0.0619862,-0.43280100000000005
1456703950722861,-0.631682,-0.0623072,-0.43306300000000003
1456703950744609,-0.631053,-0.0658919,-0.433199
1456703950767618,-0.6262909999999999,-0.0722423,-0.433109
1456703950784619,-0.620203,-0.07869780000000001,-0.433116
1456703950804620,-0.617214,-0.0829867,-0.43353100000000006
1456703950834604,-0.620934,-0.08538539999999999,-0.43341999999999997
1456703950844889,-0.625962,-0.08712289999999999,-0.432751
1456703950863897,-0.627711,-0.08877339999999999,-0.43214300000000005
1456703950887899,-0.627502,-0.0917716,-0.432253
1456703950903898,-0.625472,-0.09524400000000001,-0.432299
1456703950924900,-0.622661,-0.09732189999999999,-0.432237
1456703950946913,-0.624041,-0.09892580000000001,-0.431379
1456703950963923,-0.6276609999999999,-0.10054,-0.430167
1456703950985925,-0.629092,-0.101842,-0.429516
1456703951007924,-0.6276729999999999,-0.102245,-0.42896000000000006
1456703951023925,-0.6259,-0.102495,-0.42897299999999994
1456703951044437,-0.6256010000000001,-0.10337400000000001,-0.428704
1456703951066947,-0.6270819999999999,-0.104448,-0.428125
1456703951083946,-0.628325,-0.105504,-0.427692
1456703951104948,-0.6278,-0.106065,-0.42736599999999997
1456703951127949,-0.6268729999999999,-0.106695,-0.427149
1456703951144491,-0.6266229999999999,-0.10730999999999999,-0.42682700000000007
1456703951163974,-0.626976,-0.107429,-0.426521
1456703951186970,-0.626976,-0.107429,-0.426521
1456703951203971,-0.626999,-0.10731500000000001,-0.42655699999999996
1456703951223977,-0.626999,-0.10731500000000001,-0.42655699999999996
1456703951246988,-0.627763,-0.10751400000000001,-0.426256
1456703951269003,-0.627763,-0.10751400000000001,-0.426256
1456703951284194,-0.627787,-0.1074,-0.426292
1456703951307192,-0.627787,-0.1074,-0.426292
1456703951324003,-0.628618,-0.107224,-0.426364
1456703951344741,-0.629578,-0.10696199999999999,-0.42644899999999997
1456703951367029,-0.6300279999999999,-0.10666500000000001,-0.426415
1456703951384024,-0.6300279999999999,-0.10666500000000001,-0.426415
1456703951405361,-0.6300279999999999,-0.10666500000000001,-0.426415
1456703951427329,-0.629899,-0.10675,-0.42640100000000003
1456703951443539,-0.629762,-0.106723,-0.426399
1456703951464049,-0.629785,-0.10661,-0.42643500000000006
1456703951488048,-0.629785,-0.10661,-0.42643500000000006
1456703951509330,-0.629785,-0.10661,-0.42643500000000006
1456703951524336,-0.629672,-0.10646900000000001,-0.42646999999999996
1456703951547065,-0.6292760000000001,-0.10661300000000001,-0.42644
1456703951569073,-0.6292760000000001,-0.10661300000000001,-0.42644
1456703951584293,-0.629139,-0.10658599999999999,-0.426438
1456703951607306,-0.629228,-0.105978,-0.426083
1456703951629288,-0.629692,-0.10504300000000001,-0.425741
1456703951644830,-0.629731,-0.103469,-0.42531199999999997
1456703951667106,-0.63027,-0.101408,-0.42504899999999995
1456703951698107,-0.630458,-0.0992301,-0.42509300000000005
1456703951704388,-0.62944,-0.09637130000000001,-0.42582600000000004
1456703951727438,-0.63013,-0.0924074,-0.426443
1456703951743628,-0.629779,-0.08718989999999999,-0.427571
1456703951766138,-0.629659,-0.0808004,-0.42853900000000006
1456703951787474,-0.63122,-0.0745026,-0.42900299999999997
1456703951809427,-0.6318699999999999,-0.0681582,-0.428817
1456703951832853,-0.633666,-0.0626156,-0.42829799999999996
1456703951847156,-0.634733,-0.0592443,-0.42732700000000007
1456703951869165,-0.636919,-0.0586905,-0.42653900000000006
1456703951886399,-0.638069,-0.055812400000000005,-0.42422200000000004
1456703951907427,-0.6406930000000001,-0.0533869,-0.42498199999999997
1456703951930168,-0.638501,-0.052558400000000005,-0.425154
1456703951946180,-0.639231,-0.056113699999999996,-0.42548100000000005
1456703951967190,-0.636455,-0.0632532,-0.42556499999999997
1456703951989196,-0.629762,-0.07212139999999999,-0.42563599999999996
1456703952006191,-0.623704,-0.0804967,-0.42543000000000003
1456703952027490,-0.6221770000000001,-0.0860211,-0.42536
1456703952050218,-0.624803,-0.0905453,-0.425314
1456703952066212,-0.626883,-0.0953419,-0.425705
1456703952087569,-0.626603,-0.101412,-0.426429
1456703952111226,-0.625785,-0.10621900000000001,-0.42688999999999994
1456703952126215,-0.624097,-0.108668,-0.427141
1456703952147227,-0.625069,-0.10978800000000001,-0.42746899999999993
1456703952170237,-0.628111,-0.110479,-0.42704899999999996
1456703952186467,-0.630317,-0.11123499999999999,-0.426571
1456703952207449,-0.63051,-0.11214400000000001,-0.42562
1456703952229238,-0.629574,-0.11221199999999999,-0.424933
1456703952254466,-0.62915,-0.112435,-0.42513199999999995
1456703952267474,-0.630459,-0.113079,-0.425329
1456703952290734,-0.6315569999999999,-0.113629,-0.425447
1456703952306739,-0.6318199999999999,-0.11427799999999999,-0.425245
1456703952327740,-0.630918,-0.114757,-0.424941
1456703952349490,-0.630267,-0.11540399999999999,-0.424605
1456703952366493,-0.630189,-0.116417,-0.42454200000000003
1456703952387833,-0.6303270000000001,-0.116444,-0.424543
1456703952410760,-0.630189,-0.116417,-0.42454200000000003
1456703952426494,-0.63079,-0.116667,-0.42446300000000003
1456703952447507,-0.630727,-0.11708199999999999,-0.424217
1456703952470516,-0.629781,-0.11707999999999999,-0.424059
1456703952486516,-0.629644,-0.11705399999999999,-0.424058
1456703952507834,-0.630026,-0.117174,-0.424162
1456703952531519,-0.630003,-0.11728699999999999,-0.424126
1456703952545528,-0.629629,-0.11728,-0.424009
1456703952567538,-0.629087,-0.117246,-0.423867
1456703952590868,-0.62895,-0.11722,-0.42386599999999997
1456703952606540,-0.629087,-0.117246,-0.423867
1456703952627832,-0.628797,-0.11738,-0.423691
1456703952649560,-0.627965,-0.11752,-0.42349899999999996
1456703952666561,-0.6269140000000001,-0.11749100000000001,-0.42336599999999996
1456703952689562,-0.626777,-0.11746500000000001,-0.423364
1456703952710820,-0.626967,-0.1173,-0.423175
1456703952726564,-0.6268640000000001,-0.116445,-0.42264799999999997
1456703952749581,-0.626154,-0.11526700000000001,-0.422338
1456703952770582,-0.625925,-0.113828,-0.42213900000000004
1456703952786583,-0.625741,-0.11133900000000001,-0.42185200000000006
1456703952809585,-0.624316,-0.10791099999999999,-0.42237700000000006
1456703952830587,-0.6237159999999999,-0.102921,-0.422339
1456703952846595,-0.622714,-0.0967002,-0.422807
1456703952868827,-0.6220439999999999,-0.08900169999999999,-0.423365
1456703952890604,-0.623789,-0.0803987,-0.42309399999999997
1456703952912604,-0.624929,-0.071517,-0.423162
1456703952936588,-0.627057,-0.0623768,-0.423365
1456703952950839,-0.63053,-0.0545893,-0.424021
1456703952973841,-0.633971,-0.0487649,-0.42356099999999997
1456703952987841,-0.6366930000000001,-0.045085599999999997,-0.423299
1456703953010843,-0.6379199999999999,-0.044052600000000004,-0.425271
1456703953032851,-0.6378149999999999,-0.0426056,-0.424951
1456703953048862,-0.634452,-0.041173400000000006,-0.42563599999999996
1456703953069868,-0.634301,-0.043042000000000004,-0.42540900000000004
1456703953092862,-0.634841,-0.0488802,-0.426058
1456703953108863,-0.630821,-0.0581304,-0.42658
1456703953129867,-0.62317,-0.0678512,-0.426756
1456703953151890,-0.618318,-0.07527110000000001,-0.426353
1456703953168884,-0.620421,-0.0798718,-0.42656700000000003
1456703953190885,-0.627379,-0.0838218,-0.4258
1456703953219889,-0.6316149999999999,-0.0881346,-0.424807
1456703953228889,-0.6323770000000001,-0.0920571,-0.424225
1456703953249948,-0.629342,-0.09349360000000001,-0.424371
1456703953271906,-0.626255,-0.0938591,-0.42523900000000003
1456703953288907,-0.628053,-0.09472439999999999,-0.425396
1456703953310168,-0.6327619999999999,-0.09554,-0.42498199999999997
1456703953332129,-0.6360279999999999,-0.095601,-0.42372200000000004
1456703953349145,-0.635733,-0.0956955,-0.423417
1456703953370147,-0.6328189999999999,-0.09574400000000001,-0.42359600000000003
1456703953392409,-0.633212,-0.0963847,-0.423659
1456703953409147,-0.635354,-0.0976689,-0.423708
1456703953430150,-0.6364,-0.0984052,-0.423633
1456703953452585,-0.636263,-0.0983789,-0.42363100000000004
1456703953468733,-0.636756,-0.0986,-0.42357799999999995
1456703953489729,-0.638007,-0.0989062,-0.423241
1456703953512607,-0.637892,-0.0987278,-0.423151
1456703953528729,-0.6372439999999999,-0.0987048,-0.423151
1456703953551523,-0.6372680000000001,-0.0985915,-0.423188
1456703953572524,-0.6375810000000001,-0.09822360000000001,-0.42264300000000005
1456703953588525,-0.637483,-0.0974832,-0.42249799999999993
1456703953610757,-0.637063,-0.096961,-0.42278699999999997
1456703953640535,-0.637605,-0.0969551,-0.42281
1456703953648536,-0.6385770000000001,-0.0971308,-0.42222
1456703953671546,-0.639387,-0.0970607,-0.42187299999999994
1456703953692755,-0.639387,-0.0970607,-0.42187299999999994
1456703953708725,-0.639387,-0.0970607,-0.42187299999999994
1456703953731714,-0.639387,-0.0970607,-0.42187299999999994
1456703953752775,-0.639387,-0.0970607,-0.42187299999999994
1456703953768776,-0.638897,-0.09687330000000001,-0.421662
1456703953791777,-0.637777,-0.09647810000000001,-0.421625
1456703953812779,-0.6370439999999999,-0.09628010000000001,-0.421946
1456703953828779,-0.6370439999999999,-0.09628010000000001,-0.421946
1456703953850715,-0.6370439999999999,-0.09628010000000001,-0.421946
1456703953872750,-0.6363489999999999,-0.09648430000000001,-0.42186999999999997
1456703953888721,-0.635781,-0.0965653,-0.42168500000000003
1456703953918720,-0.635644,-0.0965391,-0.421683
1456703953931722,-0.635644,-0.0965391,-0.421683
1456703953948231,-0.635675,-0.09653660000000001,-0.421707
1456703953970740,-0.635033,-0.095769,-0.42180200000000007
1456703953991748,-0.6347430000000001,-0.0951187,-0.42159300000000005
1456703954007743,-0.63493,-0.094091,-0.421129
1456703954030757,-0.634838,-0.09260589999999999,-0.42108100000000004
1456703954053762,-0.63554,-0.09045779999999999,-0.420872
1456703954067816,-0.636931,-0.0879895,-0.420372
1456703954090765,-0.638671,-0.0852327,-0.419996
1456703954112771,-0.637202,-0.08137,-0.42039899999999997
1456703954128765,-0.633195,-0.0770432,-0.42073699999999997
1456703954151070,-0.6308729999999999,-0.071644,-0.420687
1456703954172075,-0.631463,-0.0634731,-0.42016499999999996
1456703954195335,-0.634603,-0.0556576,-0.419767
1456703954211072,-0.636854,-0.0498166,-0.41965600000000003
1456703954232134,-0.638393,-0.043989999999999994,-0.41884899999999997
1456703954255130,-0.638411,-0.0381393,-0.418278
1456703954271094,-0.640523,-0.0334616,-0.41780600000000007
1456703954292319,-0.642861,-0.0301716,-0.41703500000000004
1456703954315289,-0.644358,-0.029854900000000004,-0.41669700000000004
1456703954331347,-0.642653,-0.0272019,-0.414185
1456703954360455,-0.6432140000000001,-0.0251029,-0.413867
1456703954375161,-0.641048,-0.0249607,-0.414454
1456703954391140,-0.641984,-0.0275666,-0.41496099999999997
1456703954412422,-0.641953,-0.0343432,-0.41562899999999997
1456703954435476,-0.637709,-0.042847,-0.415908
1456703954450987,-0.632443,-0.0505775,-0.415788
1456703954473987,-0.631216,-0.055409900000000005,-0.416154
1456703954495251,-0.635151,-0.0586865,-0.415917
1456703954510989,-0.639695,-0.06272559999999999,-0.415171
1456703954531996,-0.6407010000000001,-0.06742689999999998,-0.41408199999999995
1456703954555041,-0.638795,-0.0724263,-0.41385500000000003
1456703954571037,-0.634784,-0.07601360000000001,-0.41426899999999994
1456703954594004,-0.632645,-0.07761439999999999,-0.41462
1456703954615005,-0.634703,-0.07792400000000001,-0.414592
1456703954631200,-0.637727,-0.07840119999999999,-0.41359700000000005
1456703954654226,-0.6392800000000001,-0.0803026,-0.41235900000000003
1456703954675509,-0.638836,-0.08383260000000001,-0.411476
1456703954691504,-0.6370779999999999,-0.08662769999999999,-0.411175
1456703954714231,-0.635375,-0.08654239999999999,-0.410508
1456703954735786,-0.63747,-0.0852841,-0.410832
1456703954751542,-0.640777,-0.0846679,-0.411129
1456703954774542,-0.642641,-0.08461669999999999,-0.410941
1456703954795791,-0.641644,-0.0848482,-0.410692
1456703954811544,-0.639354,-0.0850806,-0.41055600000000003
1456703954834303,-0.637962,-0.08546319999999999,-0.41065799999999997
1456703954855546,-0.6382939999999999,-0.0857689,-0.410567
1456703954871215,-0.6394989999999999,-0.08633239999999999,-0.410287
1456703954894181,-0.639359,-0.0870517,-0.410184
1456703954915487,-0.637744,-0.087229,-0.41021899999999994
1456703954931184,-0.637744,-0.087229,-0.41021899999999994
1456703954954222,-0.6389100000000001,-0.08734650000000001,-0.40982299999999994
1456703954975223,-0.639846,-0.0871475,-0.40937399999999996
1456703954991485,-0.638998,-0.0867767,-0.409602
1456703955014227,-0.638067,-0.08626410000000001,-0.40988800000000003
1456703955035748,-0.638738,-0.0861694,-0.40993
1456703955051029,-0.639658,-0.0862,-0.40981599999999996
1456703955074030,-0.639658,-0.0862,-0.40981599999999996
1456703955095292,-0.638622,-0.085992,-0.409841
1456703955111030,-0.638516,-0.0859638,-0.409861
1456703955134678,-0.639008,-0.0861426,-0.40968699999999997
1456703955155559,-0.6390319999999999,-0.08602910000000001,-0.409725
1456703955171503,-0.6384029999999999,-0.0858197,-0.409509
1456703955194534,-0.6370640000000001,-0.0852648,-0.409524
1456703955215308,-0.636392,-0.084538,-0.40933200000000003
1456703955231507,-0.636648,-0.0839908,-0.409136
1456703955253713,-0.6361600000000001,-0.0830624,-0.409022
1456703955275713,-0.635832,-0.08200729999999999,-0.40882399999999997
1456703955291714,-0.6360359999999999,-0.08082719999999999,-0.40828000000000003
1456703955314717,-0.635916,-0.0794569,-0.408199
1456703955335736,-0.634526,-0.0770821,-0.408256
1456703955351245,-0.6333449999999999,-0.0743538,-0.408304
1456703955373284,-0.6322810000000001,-0.0717685,-0.40870300000000004
1456703955395614,-0.631363,-0.0684596,-0.408817
1456703955411248,-0.631202,-0.0639712,-0.409193
1456703955433250,-0.63167,-0.05838430000000001,-0.409433
1456703955455772,-0.632476,-0.0531038,-0.409595
1456703955470739,-0.632736,-0.0490234,-0.409333
1456703955492558,-0.633012,-0.045643800000000005,-0.40886999999999996
1456703955515703,-0.6329140000000001,-0.042669599999999995,-0.40824499999999997
1456703955537547,-0.632128,-0.0399092,-0.407911
1456703955552791,-0.632785,-0.037877600000000004,-0.40768000000000004
1456703955575790,-0.6352180000000001,-0.0383737,-0.41080200000000006
1456703955597792,-0.640783,-0.0353899,-0.41008500000000003
1456703955612792,-0.6427039999999999,-0.0340564,-0.409168
1456703955637607,-0.641636,-0.0351325,-0.40797
1456703955656912,-0.64071,-0.03833,-0.407531
1456703955672907,-0.6369600000000001,-0.043354699999999996,-0.40807
1456703955695909,-0.6336510000000001,-0.049569699999999994,-0.408798
1456703955717125,-0.6326930000000001,-0.056426,-0.40879
1456703955732912,-0.634159,-0.0621677,-0.40779099999999996
1456703955756733,-0.6365569999999999,-0.0650328,-0.406544
1456703955777734,-0.6374770000000001,-0.0663592,-0.406025
1456703955792735,-0.6374920000000001,-0.0669513,-0.405837
1456703955815737,-0.637745,-0.0683129,-0.406181
1456703955837700,-0.6393810000000001,-0.0716036,-0.406763
1456703955860042,-0.638817,-0.0744971,-0.407502
1456703955876036,-0.638283,-0.0765933,-0.407471
1456703955897039,-0.639604,-0.0793079,-0.407296
1456703955913040,-0.639013,-0.0822217,-0.406595
1456703955936656,-0.637914,-0.0851103,-0.406158
1456703955957345,-0.6359739999999999,-0.0877073,-0.406202
1456703955973345,-0.635229,-0.0896435,-0.40662600000000004
1456703955996347,-0.637366,-0.09146610000000001,-0.40634499999999996
1456703956017355,-0.640096,-0.09304580000000001,-0.405773
1456703956033349,-0.6403770000000001,-0.0942562,-0.406033
1456703956056173,-0.639304,-0.09442660000000001,-0.406096
1456703956077475,-0.639842,-0.0943387,-0.405871
1456703956093176,-0.6412329999999999,-0.0946588,-0.40554
1456703956116176,-0.6412329999999999,-0.0946588,-0.40554
1456703956139469,-0.639368,-0.0947147,-0.405738
1456703956153477,-0.639231,-0.0946895,-0.405735
1456703956176648,-0.640556,-0.0946828,-0.40563899999999997
1456703956196479,-0.642845,-0.0951058,-0.405028
1456703956212606,-0.641316,-0.09550610000000001,-0.40525700000000003
1456703956236223,-0.638686,-0.096074,-0.405143
1456703956256741,-0.6383300000000001,-0.0966279,-0.405099
1456703956272734,-0.6400359999999999,-0.0966987,-0.404984
1456703956296737,-0.641789,-0.0965424,-0.404944
1456703956317736,-0.641896,-0.0965699,-0.404923
1456703956332738,-0.641452,-0.0961985,-0.404912
1456703956355674,-0.641452,-0.0961985,-0.404912
1456703956377544,-0.642462,-0.0964011,-0.404472
1456703956392713,-0.642774,-0.0961133,-0.404566
1456703956416545,-0.642598,-0.0957651,-0.40520900000000004
1456703956437629,-0.6429560000000001,-0.0960015,-0.40566599999999997
1456703956452847,-0.643291,-0.0970575,-0.405861
1456703956475850,-0.643191,-0.0981062,-0.405501
1456703956498850,-0.643191,-0.0981062,-0.405501
1456703956512851,-0.643867,-0.09804310000000001,-0.405277
1456703956536361,-0.6450130000000001,-0.098277,-0.40522600000000003
1456703956558870,-0.6457729999999999,-0.099106,-0.40523000000000003
1456703956579870,-0.645822,-0.0996242,-0.40520500000000004
1456703956595871,-0.645954,-0.100198,-0.404485
1456703956618872,-0.647936,-0.101409,-0.402543
1456703956632873,-0.650641,-0.103004,-0.400875
1456703956656185,-0.653401,-0.105201,-0.39981300000000003
1456703956679186,-0.654714,-0.106643,-0.399359
1456703956693187,-0.6534479999999999,-0.10698699999999998,-0.399611
1456703956716188,-0.652659,-0.106946,-0.39960999999999997
1456703956739483,-0.6526649999999999,-0.106978,-0.399347
1456703956760326,-0.651629,-0.106807,-0.399118
1456703956775992,-0.651767,-0.106832,-0.39912
1456703956798997,-0.6517149999999999,-0.106313,-0.399146
1456703956820358,-0.651986,-0.10565799999999999,-0.399375
1456703956836662,-0.652928,-0.10486500000000001,-0.399519
1456703956859014,-0.6533760000000001,-0.10456199999999999,-0.399491
1456703956880014,-0.653935,-0.10436600000000001,-0.39969
1456703956896015,-0.654724,-0.104406,-0.399692
1456703956919016,-0.654679,-0.10476099999999999,-0.40037399999999995
1456703956940536,-0.654227,-0.105111,-0.400913
1456703956956046,-0.654924,-0.105653,-0.401273
1456703956979048,-0.655258,-0.105966,-0.401566
1456703957000316,-0.655709,-0.10641600000000001,-0.40182199999999996
1456703957016276,-0.656093,-0.106494,-0.401804
1456703957039533,-0.656093,-0.106494,-0.401804
1456703957060581,-0.655977,-0.10635499999999999,-0.40184000000000003
1456703957076527,-0.655977,-0.10635499999999999,-0.40184000000000003
1456703957106284,-0.655977,-0.10635499999999999,-0.40184000000000003
1456703957120621,-0.655954,-0.10646900000000001,-0.401802
1456703957136286,-0.655954,-0.10646900000000001,-0.401802
1456703957159309,-0.6558470000000001,-0.10644200000000001,-0.401823
1456703957180325,-0.656068,-0.106527,-0.401517
1456703957196313,-0.656226,-0.106359,-0.401309
1456703957219312,-0.656257,-0.106358,-0.401332
1456703957240699,-0.656119,-0.106332,-0.401331
1456703957256137,-0.656414,-0.10615,-0.401
1456703957278137,-0.656729,-0.105813,-0.400584
1456703957300180,-0.656776,-0.105499,-0.40002600000000005
1456703957316174,-0.656505,-0.10476700000000001,-0.39960100000000004
1456703957338356,-0.656458,-0.10424000000000001,-0.399241
1456703957360395,-0.656891,-0.104082,-0.398913
1456703957376580,-0.657122,-0.10360499999999999,-0.39855799999999997
