timestamp,x,y,z,w
1456703940183118,0.444824,-0.011718799999999998,0.22351100000000002,-0.867188
1456703940199117,0.445068,-0.011840799999999999,0.22338899999999998,-0.8671260000000001
1456703940221663,0.445068,-0.011840799999999999,0.22326700000000002,-0.8671260000000001
1456703940245138,0.445313,-0.012023899999999999,0.22314499999999998,-0.867065
1456703940260138,0.445313,-0.012023899999999999,0.22314499999999998,-0.867065
1456703940281140,0.445129,-0.012023899999999999,0.22296100000000002,-0.867188
1456703940306173,0.44519,-0.012023899999999999,0.2229,-0.867188
1456703940359613,0.44519,-0.012023899999999999,0.2229,-0.867188
1456703940360368,0.445068,-0.0122681,0.22277800000000003,-0.8672489999999999
1456703940368561,0.445313,-0.012390100000000001,0.222534,-0.867188
1456703940383399,0.445618,-0.012573200000000001,0.22229000000000002,-0.867065
1456703940402364,0.445679,-0.012756299999999998,0.22216799999999998,-0.8671260000000001
1456703940425885,0.445618,-0.012756299999999998,0.22216799999999998,-0.8671260000000001
1456703940440425,0.445557,-0.012756299999999998,0.22216799999999998,-0.8671260000000001
1456703940486604,0.445618,-0.012939500000000001,0.222046,-0.867188
1456703940489394,0.44573999999999997,-0.0130615,0.222046,-0.8671260000000001
1456703940506463,0.445679,-0.0132446,0.221985,-0.8671260000000001
1456703940522135,0.445496,-0.013549799999999999,0.221863,-0.8672489999999999
1456703940544407,0.445374,-0.013977100000000001,0.22168000000000002,-0.8673709999999999
1456703940566408,0.44519,-0.0142822,0.22149699999999997,-0.8674930000000001
1456703940582411,0.445251,-0.0146484,0.221252,-0.8674930000000001
1456703940604653,0.445007,-0.015136700000000001,0.22106900000000002,-0.867676
1456703940626917,0.444946,-0.0155029,0.220642,-0.867798
1456703940641459,0.445129,-0.0158691,0.22027600000000003,-0.867798
1456703940664664,0.445129,-0.0162964,0.219971,-0.867859
1456703940687636,0.445251,-0.0167847,0.219604,-0.86792
1456703940701427,0.445007,-0.0174561,0.21911599999999998,-0.8681030000000001
1456703940724958,0.44470200000000004,-0.018066400000000003,0.21844499999999997,-0.868469
1456703940746958,0.444275,-0.018615700000000002,0.21759,-0.868835
1456703940762155,0.44421400000000005,-0.018859900000000002,0.21636999999999998,-0.869202
1456703940784124,0.44439700000000004,-0.019104,0.214844,-0.8695069999999999
1456703940807128,0.444458,-0.0194092,0.21325700000000003,-0.869812
1456703940821906,0.44433599999999995,-0.0199585,0.211853,-0.870239
1456703940843190,0.44403100000000006,-0.020752,0.210327,-0.8707280000000001
1456703940867190,0.443665,-0.021301300000000002,0.20904499999999998,-0.871216
1456703940881200,0.44384799999999996,-0.021667500000000003,0.208008,-0.871338
1456703940903193,0.443237,-0.021850599999999998,0.20751999999999998,-0.871765
1456703940926705,0.44165,-0.021850599999999998,0.20733600000000002,-0.8726200000000001
1456703940941205,0.43988,-0.022094700000000002,0.20739699999999997,-0.873474
1456703940963206,0.438721,-0.0221558,0.207581,-0.874023
1456703940986207,0.437805,-0.0217285,0.20813,-0.87439
1456703941002209,0.43652299999999994,-0.0211182,0.20855700000000002,-0.8749389999999999
1456703941023959,0.434753,-0.020446799999999998,0.209106,-0.8756709999999999
1456703941046220,0.433228,-0.019775400000000002,0.20965599999999998,-0.876343
1456703941061220,0.43115200000000004,-0.019287099999999998,0.20977800000000002,-0.8773190000000001
1456703941083221,0.42895500000000003,-0.019165,0.209229,-0.87854
1456703941106222,0.42718500000000004,-0.019104,0.208313,-0.879639
1456703941122729,0.425903,-0.018981900000000003,0.207581,-0.880432
1456703941143235,0.42474399999999995,-0.0187378,0.20672600000000002,-0.8812260000000001
1456703941166236,0.42297399999999996,-0.0186768,0.20544400000000002,-0.8823850000000001
1456703941182237,0.42108199999999996,-0.019043,0.203491,-0.8837280000000001
1456703941203238,0.41876199999999997,-0.0197144,0.201172,-0.885315
1456703941226745,0.416138,-0.0205078,0.19873,-0.887085
1456703941242251,0.413391,-0.0212402,0.19622799999999999,-0.888916
1456703941263252,0.410706,-0.022033700000000003,0.194153,-0.890625
1456703941286254,0.407776,-0.0228882,0.19287100000000001,-0.8922120000000001
1456703941302254,0.404724,-0.023376499999999998,0.19201700000000002,-0.8937379999999999
1456703941323762,0.401306,-0.0234375,0.191711,-0.895386
1456703941346268,0.399231,-0.022522,0.191528,-0.8963620000000001
1456703941362269,0.39819299999999996,-0.0211182,0.190918,-0.8969729999999999
1456703941383269,0.397461,-0.0194092,0.18988,-0.897583
1456703941406472,0.397949,-0.0183716,0.18896500000000002,-0.8975219999999999
1456703941423067,0.398621,-0.0169067,0.188354,-0.8974
1456703941443380,0.396973,-0.015136700000000001,0.18823199999999998,-0.898193
1456703941466186,0.395386,-0.014465299999999999,0.187744,-0.899048
1456703941482182,0.39550799999999997,-0.0145874,0.18689,-0.899109
1456703941503183,0.397034,-0.014465299999999999,0.186157,-0.8986209999999999
1456703941526934,0.397766,-0.0142822,0.18512,-0.8984989999999999
1456703941542397,0.396606,-0.013977100000000001,0.18395999999999998,-0.899292
1456703941565400,0.39569099999999996,-0.0137939,0.183289,-0.8997799999999999
1456703941586737,0.395996,-0.013855000000000001,0.182739,-0.8997799999999999
1456703941602402,0.396362,-0.0141602,0.18249500000000002,-0.899658
1456703941624002,0.396545,-0.014526400000000002,0.182312,-0.899658
1456703941646024,0.396362,-0.0146484,0.181824,-0.8997799999999999
1456703941663025,0.395264,-0.0148315,0.181763,-0.90033
1456703941684185,0.39379899999999995,-0.015808100000000002,0.181519,-0.901001
1456703941707186,0.392944,-0.016967799999999998,0.181152,-0.9014280000000001
1456703941722552,0.392944,-0.0177002,0.18096900000000002,-0.9014280000000001
1456703941743064,0.391663,-0.0179443,0.181213,-0.901917
1456703941766063,0.390015,-0.0183716,0.18096900000000002,-0.9026489999999999
1456703941788063,0.388733,-0.018981900000000003,0.18060299999999999,-0.903259
1456703941803064,0.387756,-0.0197144,0.180298,-0.903748
1456703941827013,0.386169,-0.0198975,0.180542,-0.904358
1456703941848474,0.383423,-0.0198364,0.181213,-0.9053959999999999
1456703941863475,0.380981,-0.0199585,0.182007,-0.90625
1456703941886753,0.378906,-0.020080599999999997,0.182922,-0.906982
1456703941908477,0.377258,-0.020080599999999997,0.183594,-0.907532
1456703941923488,0.37561,-0.019531299999999998,0.184204,-0.9080809999999999
1456703941946493,0.374146,-0.0186768,0.18512,-0.908508
1456703941968499,0.372131,-0.0180054,0.186523,-0.909058
1456703941985496,0.370728,-0.0179443,0.187683,-0.909424
1456703942006532,0.36908,-0.0174561,0.188782,-0.9098510000000001
1456703942028953,0.367249,-0.016662599999999996,0.190369,-0.910278
1456703942043901,0.366211,-0.0159912,0.191956,-0.9104
1456703942067120,0.364929,-0.015441899999999998,0.19354200000000002,-0.910583
1456703942089091,0.363342,-0.0148315,0.194519,-0.911011
1456703942105906,0.36120599999999997,-0.013916,0.19574,-0.9116209999999999
1456703942127003,0.360046,-0.0131226,0.197266,-0.9117430000000001
1456703942148213,0.35949699999999996,-0.012573200000000001,0.198669,-0.911682
1456703942165211,0.357849,-0.0122681,0.200378,-0.9119870000000001
1456703942186481,0.356567,-0.012817400000000001,0.201782,-0.91217
1456703942208500,0.355957,-0.012817400000000001,0.20343,-0.9119870000000001
1456703942226137,0.355469,-0.0126343,0.205017,-0.9118649999999999
1456703942246803,0.35449200000000003,-0.0124512,0.20654299999999998,-0.9118649999999999
1456703942268803,0.353149,-0.012023899999999999,0.20788600000000002,-0.9121090000000001
1456703942285803,0.351624,-0.011474600000000001,0.208862,-0.9124760000000001
1456703942306810,0.350281,-0.010864299999999999,0.20971700000000001,-0.912842
1456703942328860,0.34906,-0.0101929,0.21087600000000004,-0.913025
1456703942345865,0.347534,-0.00952148,0.21228000000000002,-0.913269
1456703942366867,0.345276,-0.00927734,0.213684,-0.913818
1456703942388868,0.342834,-0.00939941,0.214783,-0.9144899999999999
1456703942405870,0.341003,-0.00970459,0.215637,-0.914917
1456703942426820,0.340027,-0.0101318,0.21643099999999998,-0.9151
1456703942448586,0.339233,-0.0101929,0.21740700000000002,-0.915222
1456703942465586,0.338074,-0.0100708,0.21862800000000002,-0.915344
1456703942486863,0.335938,-0.0101318,0.219971,-0.9157709999999999
1456703942508802,0.334045,-0.0101929,0.221313,-0.916199
1456703942525848,0.332886,-0.00964355,0.222656,-0.9162600000000001
1456703942546805,0.331726,-0.00848389,0.224365,-0.9162600000000001
1456703942569030,0.330444,-0.00775146,0.226318,-0.9162600000000001
1456703942586030,0.329285,-0.00769043,0.228149,-0.9162600000000001
1456703942607059,0.32818600000000003,-0.00775146,0.229675,-0.9162600000000001
1456703942629215,0.326965,-0.00762939,0.230652,-0.916443
1456703942645693,0.325867,-0.00744629,0.231506,-0.916626
1456703942674733,0.325073,-0.00726318,0.23284899999999997,-0.916565
1456703942688667,0.32409699999999997,-0.00695801,0.234619,-0.916443
1456703942705928,0.32311999999999996,-0.00695801,0.236328,-0.9163819999999999
1456703942726728,0.32263200000000003,-0.00695801,0.23797600000000002,-0.9161379999999999
1456703942747950,0.322815,-0.00708008,0.23968499999999998,-0.915588
1456703942772043,0.322205,-0.00708008,0.24151599999999998,-0.915344
1456703942787042,0.321167,-0.00701904,0.24334699999999998,-0.915222
1456703942809038,0.32043499999999997,-0.00701904,0.244812,-0.9151
1456703942825932,0.319824,-0.00689697,0.246155,-0.914917
1456703942847103,0.319031,-0.00634766,0.24731399999999998,-0.914917
1456703942869043,0.31750500000000004,-0.00592041,0.248596,-0.9151
1456703942885894,0.316101,-0.00592041,0.24987800000000002,-0.915222
1456703942906896,0.315552,-0.00592041,0.251343,-0.9150389999999999
1456703942928913,0.315247,-0.00579834,0.252747,-0.914734
1456703942945921,0.315002,-0.00592041,0.25402800000000003,-0.914429
1456703942965927,0.315002,-0.00628662,0.254944,-0.914185
1456703942989027,0.315002,-0.006591800000000001,0.255737,-0.9140010000000001
1456703943012004,0.31445300000000004,-0.00683594,0.256714,-0.9138790000000001
1456703943027623,0.313293,-0.00720215,0.257751,-0.9140010000000001
1456703943048136,0.31256100000000003,-0.00744629,0.258423,-0.914063
1456703943071353,0.311829,-0.00720215,0.258972,-0.9141239999999999
1456703943096172,0.310852,-0.00683594,0.259583,-0.914307
1456703943108336,0.309631,-0.00665283,0.260193,-0.914551
1456703943131931,0.308716,-0.00653076,0.26061999999999996,-0.914734
1456703943147728,0.307983,-0.00653076,0.260925,-0.914917
1456703943168735,0.307312,-0.00640869,0.26123,-0.9150389999999999
1456703943191736,0.306946,-0.00628662,0.261475,-0.9151
1456703943207731,0.306458,-0.00616455,0.261658,-0.915222
1456703943230742,0.306091,-0.00616455,0.261841,-0.915283
1456703943251970,0.305786,-0.00616455,0.261902,-0.915344
1456703943267756,0.305664,-0.00616455,0.261841,-0.9154049999999999
1456703943288986,0.305176,-0.00610352,0.261658,-0.9156489999999999
1456703943312147,0.304688,-0.00622559,0.261414,-0.915833
1456703943328154,0.30480999999999997,-0.00665283,0.261169,-0.9158940000000001
1456703943349369,0.305359,-0.00708008,0.261108,-0.91571
1456703943371371,0.30603,-0.00750732,0.260925,-0.9155270000000001
1456703943387371,0.306091,-0.00799561,0.260254,-0.91571
1456703943408377,0.305908,-0.00830078,0.259399,-0.9160159999999999
1456703943431893,0.305359,-0.00891113,0.258606,-0.9163819999999999
1456703943447401,0.305054,-0.00958252,0.25805700000000004,-0.916687
1456703943468619,0.30499299999999996,-0.009887700000000001,0.25750700000000004,-0.916809
1456703943491665,0.305115,-0.00976563,0.256775,-0.916992
1456703943509405,0.305176,-0.00952148,0.256042,-0.917175
1456703943529414,0.305115,-0.00958252,0.25531,-0.9174190000000001
1456703943551758,0.305298,-0.009887700000000001,0.254456,-0.9176030000000001
1456703943568759,0.305969,-0.0102539,0.253662,-0.9176030000000001
1456703943589026,0.30658,-0.010437,0.25293000000000004,-0.9176030000000001
1456703943611992,0.306824,-0.010498,0.252136,-0.917725
1456703943628055,0.306946,-0.010437,0.25116,-0.917908
1456703943650124,0.307068,-0.0103149,0.25,-0.918213
1456703943671018,0.306763,-0.0105591,0.249023,-0.918579
1456703943687019,0.306641,-0.011047399999999999,0.247986,-0.918884
1456703943709045,0.307068,-0.011108400000000001,0.24731399999999998,-0.9189450000000001
1456703943731560,0.30700700000000003,-0.011047399999999999,0.24645999999999998,-0.9191889999999999
1456703943747030,0.305786,-0.010864299999999999,0.24585,-0.919739
1456703943768037,0.305298,-0.011413600000000001,0.245056,-0.920105
1456703943792050,0.305237,-0.012817400000000001,0.243774,-0.9204709999999999
1456703943809050,0.305054,-0.015319799999999998,0.24218800000000001,-0.920898
1456703943829254,0.30444299999999996,-0.0181885,0.240173,-0.9215700000000001
1456703943851599,0.304138,-0.0215454,0.238098,-0.9221799999999999
1456703943874264,0.303162,-0.024536099999999998,0.236206,-0.9229129999999999
1456703943888552,0.30175799999999997,-0.0266724,0.23474099999999998,-0.923645
1456703943911602,0.301331,-0.028381299999999998,0.233582,-0.924011
1456703943934079,0.302429,-0.0292969,0.23266599999999998,-0.923889
1456703943949294,0.304688,-0.029480000000000003,0.23205599999999998,-0.9232790000000001
1456703943971337,0.306152,-0.030761700000000003,0.23162800000000003,-0.922852
1456703943988321,0.307983,-0.0324707,0.23162800000000003,-0.922241
1456703944010298,0.304626,-0.0332031,0.23205599999999998,-0.923157
1456703944031819,0.303772,-0.0339966,0.231506,-0.923584
1456703944048326,0.304138,-0.0332642,0.231323,-0.923523
1456703944070327,0.303772,-0.0317993,0.231812,-0.923584
1456703944091368,0.302795,-0.0293579,0.23266599999999998,-0.923767
1456703944108328,0.30194099999999996,-0.026489299999999997,0.233704,-0.923889
1456703944132377,0.302002,-0.024231,0.234314,-0.923767
1456703944151388,0.302979,-0.022644,0.234558,-0.923401
1456703944168354,0.304138,-0.0215454,0.235168,-0.9229129999999999
1456703944190355,0.30444299999999996,-0.020568799999999998,0.23590100000000003,-0.922668
1456703944211362,0.304688,-0.019104,0.23669400000000002,-0.9223629999999999
1456703944228408,0.305176,-0.0171509,0.23730500000000002,-0.922119
1456703944250636,0.305786,-0.014526400000000002,0.237671,-0.921875
1456703944271412,0.305969,-0.0119019,0.237854,-0.921753
1456703944293392,0.305725,-0.0100708,0.23791500000000002,-0.921875
1456703944310430,0.304871,-0.00964355,0.23779299999999998,-0.9221799999999999
1456703944341409,0.30541999999999997,-0.0102539,0.237427,-0.922119
1456703944353411,0.307312,-0.011108400000000001,0.237183,-0.921509
1456703944370411,0.308411,-0.0119019,0.23645,-0.921326
1456703944391661,0.309021,-0.012573200000000001,0.23608400000000002,-0.9212040000000001
1456703944413413,0.308594,-0.012817400000000001,0.23596199999999998,-0.9213870000000001
1456703944430615,0.308533,-0.0130005,0.23590100000000003,-0.9213870000000001
1456703944451560,0.30847199999999997,-0.0131226,0.23608400000000002,-0.9213870000000001
1456703944473512,0.308655,-0.0134888,0.23608400000000002,-0.921326
1456703944490539,0.308777,-0.013549799999999999,0.23590100000000003,-0.921326
1456703944511651,0.308838,-0.013549799999999999,0.235474,-0.9213870000000001
1456703944534115,0.30938699999999997,-0.013610800000000001,0.234985,-0.9213870000000001
1456703944549956,0.309753,-0.013916,0.23474099999999998,-0.921326
1456703944572064,0.309875,-0.0143433,0.23449699999999998,-0.921326
1456703944592958,0.30993699999999996,-0.0147095,0.23449699999999998,-0.921265
1456703944618090,0.310425,-0.014953600000000001,0.234436,-0.921143
1456703944631472,0.311035,-0.0152588,0.234131,-0.920959
1456703944654091,0.311218,-0.015563999999999998,0.23400900000000002,-0.920959
1456703944669987,0.31140100000000004,-0.015808100000000002,0.233948,-0.920898
1456703944692091,0.311768,-0.015930200000000002,0.23388699999999998,-0.920776
1456703944713983,0.312195,-0.016357399999999998,0.233765,-0.9206540000000001
1456703944730510,0.312195,-0.016845699999999998,0.233643,-0.920715
1456703944751018,0.312317,-0.017394999999999997,0.23345900000000003,-0.920715
1456703944774016,0.312683,-0.017761199999999998,0.233337,-0.920593
1456703944791018,0.312988,-0.0178833,0.233337,-0.9204709999999999
1456703944812020,0.31304899999999997,-0.0180054,0.233215,-0.920532
1456703944834035,0.31256100000000003,-0.018066400000000003,0.232971,-0.920715
1456703944850050,0.312073,-0.018066400000000003,0.23278800000000002,-0.920959
1456703944872050,0.312073,-0.018066400000000003,0.23278800000000002,-0.920959
1456703944894051,0.312073,-0.018066400000000003,0.23278800000000002,-0.920959
1456703944911052,0.312012,-0.0181274,0.232605,-0.9210209999999999
1456703944933407,0.31189,-0.018066400000000003,0.232361,-0.921082
1456703944954041,0.31189,-0.018066400000000003,0.232361,-0.921082
1456703944969921,0.311768,-0.0179443,0.23211700000000002,-0.9212040000000001
1456703944993079,0.311707,-0.0179443,0.23211700000000002,-0.9212040000000001
1456703945012920,0.311462,-0.0183105,0.231873,-0.921326
1456703945038715,0.311523,-0.0181885,0.231506,-0.9214479999999999
1456703945053507,0.31140100000000004,-0.018249500000000002,0.231262,-0.9215700000000001
1456703945073794,0.310608,-0.0183716,0.231262,-0.9218139999999999
1456703945090508,0.30938699999999997,-0.0187378,0.231323,-0.9221799999999999
1456703945113511,0.308533,-0.0196533,0.231262,-0.922485
1456703945133817,0.308289,-0.020996099999999997,0.231079,-0.9225459999999999
1456703945150330,0.307129,-0.0222778,0.230896,-0.922974
1456703945174330,0.305847,-0.0236206,0.230591,-0.9234620000000001
1456703945193548,0.30480999999999997,-0.024841299999999997,0.23016399999999998,-0.9238280000000001
1456703945210332,0.30365,-0.025634800000000003,0.22998000000000002,-0.9242549999999999
1456703945238770,0.302612,-0.0267334,0.22973600000000002,-0.9246219999999999
1456703945253561,0.30194099999999996,-0.0281372,0.22937,-0.924927
1456703945270561,0.301636,-0.029602099999999996,0.22894299999999998,-0.92511
1456703945293562,0.301636,-0.031066900000000005,0.228516,-0.92511
1456703945317563,0.302124,-0.032714799999999995,0.228027,-0.925049
1456703945330857,0.302979,-0.034362800000000006,0.227173,-0.924927
1456703945353873,0.304077,-0.035522500000000005,0.22662399999999996,-0.9246219999999999
1456703945373875,0.30493200000000004,-0.0360107,0.22790500000000002,-0.924011
1456703945391116,0.305176,-0.0369263,0.227539,-0.924011
1456703945412876,0.303162,-0.0374756,0.227173,-0.924744
1456703945433818,0.30236799999999997,-0.0370483,0.22711199999999998,-0.9249879999999999
1456703945450107,0.301514,-0.035461400000000004,0.227478,-0.9252319999999999
1456703945473108,0.299927,-0.0328979,0.22821,-0.9257200000000001
1456703945493327,0.298767,-0.029602099999999996,0.229248,-0.925903
1456703945516326,0.29834,-0.0267334,0.230408,-0.925842
1456703945533995,0.299622,-0.0252686,0.230896,-0.9253540000000001
1456703945553640,0.301392,-0.024658199999999998,0.231079,-0.924744
1456703945576648,0.30236799999999997,-0.024231,0.231262,-0.924377
1456703945593354,0.303101,-0.0230713,0.231506,-0.924133
1456703945613356,0.302795,-0.0209351,0.232239,-0.924133
1456703945636881,0.30188000000000004,-0.0183105,0.233337,-0.9241940000000001
1456703945653390,0.300598,-0.0158691,0.23425300000000002,-0.9244379999999999
1456703945673605,0.300415,-0.0145874,0.234619,-0.924377
1456703945696391,0.30194099999999996,-0.013855000000000001,0.23468000000000003,-0.923889
1456703945720392,0.302856,-0.0128784,0.23474099999999998,-0.923584
1456703945733981,0.302734,-0.0113525,0.235046,-0.923584
1456703945757191,0.302063,-0.010376,0.235107,-0.9238280000000001
1456703945773191,0.302063,-0.0106201,0.23474099999999998,-0.923889
1456703945797194,0.303528,-0.011840799999999999,0.233948,-0.923584
1456703945817194,0.30493200000000004,-0.012817400000000001,0.233765,-0.923157
1456703945833488,0.30426,-0.0130615,0.234192,-0.9232790000000001
1456703945855282,0.303894,-0.013183600000000002,0.234314,-0.9233399999999999
1456703945876586,0.30365,-0.013183600000000002,0.234436,-0.923401
1456703945893284,0.303528,-0.0132446,0.234314,-0.9234620000000001
1456703945915286,0.30395500000000003,-0.013183600000000002,0.23400900000000002,-0.923401
1456703945937079,0.303833,-0.013183600000000002,0.23382600000000003,-0.923523
1456703945953613,0.303772,-0.0134277,0.233765,-0.923523
1456703945975631,0.303772,-0.013732900000000001,0.233704,-0.923523
1456703945996598,0.30395500000000003,-0.013855000000000001,0.23345900000000003,-0.923523
1456703946013599,0.304138,-0.014099100000000002,0.233093,-0.923584
1456703946035665,0.30444299999999996,-0.014465299999999999,0.232727,-0.923584
1456703946057009,0.304626,-0.014892600000000002,0.232605,-0.923523
1456703946072927,0.30493200000000004,-0.015136700000000001,0.232544,-0.9234620000000001
1456703946094928,0.305359,-0.0153809,0.232422,-0.9233399999999999
1456703946115935,0.305664,-0.015686000000000002,0.23211700000000002,-0.9232790000000001
1456703946133486,0.305664,-0.015686000000000002,0.23211700000000002,-0.9232790000000001
1456703946154958,0.305603,-0.015686000000000002,0.23211700000000002,-0.9232790000000001
1456703946175959,0.305603,-0.015686000000000002,0.23211700000000002,-0.9232790000000001
1456703946193979,0.305969,-0.015808100000000002,0.231873,-0.923218
1456703946214963,0.306213,-0.0158691,0.23168899999999998,-0.923218
1456703946236979,0.305969,-0.0158691,0.231567,-0.9233399999999999
1456703946252991,0.305908,-0.016052200000000003,0.231384,-0.923401
1456703946274990,0.306152,-0.016357399999999998,0.23120100000000002,-0.9233399999999999
1456703946295991,0.306213,-0.016479499999999998,0.23120100000000002,-0.9233399999999999
1456703946312993,0.306213,-0.016479499999999998,0.23120100000000002,-0.9233399999999999
1456703946335534,0.306152,-0.016479499999999998,0.23120100000000002,-0.9233399999999999
1456703946356446,0.306152,-0.016662599999999996,0.23095700000000002,-0.923401
1456703946373220,0.306091,-0.016845699999999998,0.230652,-0.923523
1456703946395221,0.305969,-0.017028799999999997,0.230408,-0.923584
1456703946424436,0.305969,-0.017211900000000002,0.22979699999999997,-0.923767
1456703946433704,0.306763,-0.017211900000000002,0.229431,-0.923584
1456703946455630,0.30633499999999997,-0.0174561,0.229553,-0.923645
1456703946476601,0.304749,-0.0178833,0.22973600000000002,-0.924133
1456703946493597,0.30426,-0.019043,0.22961399999999998,-0.924316
1456703946515634,0.303772,-0.0209351,0.22888200000000003,-0.9246219999999999
1456703946536674,0.303528,-0.022949200000000003,0.22821,-0.9248049999999999
1456703946553669,0.303223,-0.0252686,0.22784400000000002,-0.924927
1456703946575642,0.302612,-0.0275269,0.227356,-0.925171
1456703946596645,0.301819,-0.0289307,0.227173,-0.9254760000000001
1456703946613680,0.30127,-0.0299683,0.226929,-0.925659
1456703946635944,0.301025,-0.030944799999999998,0.22650100000000004,-0.925842
1456703946656807,0.301819,-0.0323486,0.22583000000000003,-0.925659
1456703946673804,0.303101,-0.034118699999999995,0.22521999999999998,-0.9253540000000001
1456703946703804,0.30456500000000003,-0.035461400000000004,0.224487,-0.9249879999999999
1456703946716836,0.305603,-0.0357666,0.225586,-0.924377
1456703946733612,0.30633499999999997,-0.03698730000000001,0.224365,-0.924377
1456703946755656,0.305359,-0.0379028,0.22405999999999998,-0.924744
1456703946776883,0.303284,-0.0379639,0.223755,-0.9254760000000001
1456703946799769,0.303833,-0.03698730000000001,0.223816,-0.9253540000000001
1456703946815661,0.30365,-0.034362800000000006,0.224854,-0.9252319999999999
1456703946838606,0.30249000000000004,-0.0305176,0.225769,-0.925537
1456703946859897,0.30175799999999997,-0.026184100000000002,0.226379,-0.925781
1456703946877653,0.302185,-0.023925799999999997,0.22650100000000004,-0.925659
1456703946898619,0.303894,-0.0232544,0.226257,-0.925171
1456703946919817,0.30456500000000003,-0.0227051,0.22650100000000004,-0.924866
1456703946935855,0.305176,-0.0217896,0.22705100000000003,-0.9245610000000001
1456703946957958,0.305542,-0.020568799999999998,0.227539,-0.924377
1456703946978991,0.304688,-0.0193481,0.2276,-0.924683
1456703946995797,0.304871,-0.019104,0.22699,-0.924744
1456703947019931,0.306213,-0.0189209,0.226379,-0.9245
1456703947039512,0.306763,-0.018493700000000002,0.22601300000000002,-0.924377
1456703947055027,0.30658,-0.0183716,0.225769,-0.9245
1456703947078029,0.306458,-0.0183716,0.22540300000000002,-0.9246219999999999
1456703947099070,0.30688499999999996,-0.0181885,0.22521999999999998,-0.9245610000000001
1456703947115030,0.3078,-0.0179443,0.22534200000000001,-0.9242549999999999
1456703947138552,0.307861,-0.0180054,0.225098,-0.9242549999999999
1456703947159065,0.30749499999999996,-0.0184326,0.22521999999999998,-0.924377
1456703947175067,0.307556,-0.0183105,0.225464,-0.9242549999999999
1456703947198068,0.30835,-0.0181885,0.22534200000000001,-0.924011
1456703947219069,0.308411,-0.0180054,0.225098,-0.9240719999999999
1456703947235487,0.307983,-0.0180054,0.224976,-0.9242549999999999
1456703947259972,0.307922,-0.0180054,0.224976,-0.9242549999999999
1456703947279183,0.308411,-0.0181885,0.224915,-0.924133
1456703947295974,0.308838,-0.018249500000000002,0.22479200000000002,-0.924011
1456703947318975,0.309021,-0.0183105,0.224487,-0.924011
1456703947339797,0.308838,-0.0183716,0.22424299999999997,-0.924133
1456703947355289,0.30847199999999997,-0.0185547,0.22412100000000001,-0.924316
1456703947384625,0.30847199999999997,-0.018615700000000002,0.22424299999999997,-0.9242549999999999
1456703947399625,0.30896,-0.0185547,0.224304,-0.9240719999999999
1456703947415293,0.309265,-0.0183716,0.22424299999999997,-0.924011
1456703947438814,0.308899,-0.0183105,0.22418200000000002,-0.924133
1456703947459362,0.308594,-0.0185547,0.22399899999999998,-0.9242549999999999
1456703947475626,0.30896,-0.0189209,0.223877,-0.9241940000000001
1456703947498542,0.309448,-0.019104,0.223816,-0.924011
1456703947519620,0.309448,-0.019104,0.223694,-0.924011
1456703947535809,0.30896,-0.018981900000000003,0.223755,-0.9241940000000001
1456703947558829,0.308899,-0.0189209,0.223755,-0.9241940000000001
1456703947579565,0.308899,-0.0189209,0.223755,-0.9242549999999999
1456703947595571,0.309265,-0.018981900000000003,0.223633,-0.924133
1456703947618568,0.309265,-0.018981900000000003,0.223633,-0.924133
1456703947639675,0.308899,-0.019043,0.223694,-0.9242549999999999
1456703947669962,0.308899,-0.019043,0.223694,-0.9242549999999999
1456703947678663,0.308838,-0.019043,0.223694,-0.9242549999999999
1456703947699665,0.308838,-0.019043,0.223694,-0.9242549999999999
1456703947715924,0.308655,-0.019043,0.22338899999999998,-0.924377
1456703947738654,0.308533,-0.018981900000000003,0.223206,-0.9245
1456703947760977,0.308105,-0.0189209,0.22326700000000002,-0.9246219999999999
1456703947781776,0.307373,-0.018981900000000003,0.22326700000000002,-0.924866
1456703947798765,0.306091,-0.0194092,0.223572,-0.925171
1456703947820766,0.305176,-0.020568799999999998,0.22345,-0.9254760000000001
1456703947835562,0.30480999999999997,-0.021850599999999998,0.22338899999999998,-0.9255979999999999
1456703947858579,0.304321,-0.023498500000000002,0.223206,-0.925781
1456703947880581,0.304199,-0.0253296,0.22283899999999998,-0.925842
1456703947901954,0.303467,-0.0266724,0.222595,-0.9260860000000001
1456703947918582,0.303345,-0.027710000000000002,0.22229000000000002,-0.926208
1456703947941040,0.303772,-0.0291138,0.221741,-0.9261469999999999
1456703947957986,0.30456500000000003,-0.0311279,0.220825,-0.926025
1456703947977896,0.30603,-0.033508300000000005,0.219727,-0.9257200000000001
1456703947999897,0.307922,-0.035522500000000005,0.21905500000000003,-0.925171
1456703948021938,0.309753,-0.03698730000000001,0.218933,-0.9245610000000001
1456703948038891,0.309021,-0.0388184,0.217957,-0.924927
1456703948059934,0.308105,-0.0407104,0.21759,-0.9252319999999999
1456703948088940,0.30743400000000004,-0.041687,0.21716300000000002,-0.925537
1456703948097936,0.307556,-0.041931199999999995,0.216675,-0.9255979999999999
1456703948120936,0.307068,-0.0410156,0.21643099999999998,-0.925842
1456703948141893,0.307556,-0.0386963,0.217773,-0.9254760000000001
1456703948158887,0.306641,-0.03405759999999999,0.219482,-0.9255979999999999
1456703948180871,0.304871,-0.028442400000000003,0.22100799999999998,-0.9259639999999999
1456703948201903,0.304077,-0.025024400000000002,0.221558,-0.926208
1456703948225886,0.304504,-0.024414099999999998,0.22168000000000002,-0.926025
1456703948240853,0.305786,-0.0253296,0.221558,-0.9255979999999999
1456703948261915,0.307251,-0.026184100000000002,0.221375,-0.925171
1456703948278913,0.30743400000000004,-0.0254517,0.22192399999999998,-0.9249879999999999
1456703948300911,0.306702,-0.0239868,0.222412,-0.925171
1456703948321911,0.305298,-0.022583000000000002,0.222412,-0.925659
1456703948338770,0.304871,-0.0213623,0.22216799999999998,-0.925903
1456703948360014,0.305969,-0.020812999999999998,0.221741,-0.925659
1456703948381016,0.307861,-0.0206299,0.22149699999999997,-0.925049
1456703948398017,0.30835,-0.0209351,0.220703,-0.92511
1456703948420017,0.308838,-0.0217285,0.22033699999999998,-0.9249879999999999
1456703948441859,0.308044,-0.0217285,0.220398,-0.9252319999999999
1456703948457861,0.307556,-0.0211182,0.22045900000000002,-0.925415
1456703948479862,0.30719,-0.0203857,0.220398,-0.9255979999999999
1456703948502968,0.306458,-0.0198364,0.220398,-0.925842
1456703948517967,0.306396,-0.0198364,0.220398,-0.925842
1456703948540659,0.30688499999999996,-0.0198364,0.22033699999999998,-0.9257200000000001
1456703948569941,0.30719,-0.0198364,0.22027600000000003,-0.9255979999999999
1456703948578676,0.30688499999999996,-0.019531299999999998,0.22027600000000003,-0.9257200000000001
1456703948600677,0.306396,-0.019287099999999998,0.22033699999999998,-0.925842
1456703948621996,0.306702,-0.0192261,0.22009299999999998,-0.925842
1456703948638484,0.307068,-0.0192261,0.219727,-0.925781
1456703948659994,0.30719,-0.019165,0.219421,-0.925842
1456703948680996,0.307068,-0.019104,0.219177,-0.925903
1456703948697999,0.307068,-0.019104,0.219177,-0.925903
1456703948719997,0.307251,-0.019043,0.219177,-0.925842
1456703948744025,0.30743400000000004,-0.018859900000000002,0.21911599999999998,-0.925842
1456703948758069,0.30743400000000004,-0.018859900000000002,0.21911599999999998,-0.925842
1456703948780033,0.307068,-0.0187378,0.21905500000000003,-0.9259639999999999
1456703948803034,0.307068,-0.0187378,0.21905500000000003,-0.9259639999999999
1456703948818035,0.30700700000000003,-0.0187378,0.21905500000000003,-0.9259639999999999
1456703948841936,0.30700700000000003,-0.0187378,0.21905500000000003,-0.9259639999999999
1456703948863208,0.30688499999999996,-0.018615700000000002,0.21911599999999998,-0.926025
1456703948878207,0.306519,-0.0186768,0.21905500000000003,-0.9261469999999999
1456703948900208,0.306458,-0.0186768,0.21905500000000003,-0.9261469999999999
1456703948923210,0.30658,-0.018493700000000002,0.21905500000000003,-0.9261469999999999
1456703948939298,0.30658,-0.0184326,0.21905500000000003,-0.9261469999999999
1456703948960094,0.306396,-0.0183105,0.219177,-0.9261469999999999
1456703948983094,0.306396,-0.0183105,0.219177,-0.9261469999999999
1456703948999096,0.30633499999999997,-0.0183716,0.219177,-0.926208
1456703949020096,0.30658,-0.018493700000000002,0.218994,-0.9261469999999999
1456703949058317,0.30658,-0.018493700000000002,0.218994,-0.9261469999999999
1456703949061348,0.306763,-0.018981900000000003,0.218811,-0.9261469999999999
1456703949080312,0.306152,-0.0194702,0.218994,-0.92627
1456703949103313,0.305847,-0.0197144,0.21826199999999998,-0.926514
1456703949119314,0.305359,-0.0206909,0.217468,-0.9268799999999999
1456703949140326,0.305054,-0.0221558,0.21636999999999998,-0.927185
1456703949163335,0.305481,-0.024108900000000003,0.215698,-0.927124
1456703949184624,0.305542,-0.026001,0.21539299999999997,-0.927124
1456703949201337,0.30499299999999996,-0.027465800000000002,0.214905,-0.9273680000000001
1456703949222704,0.305054,-0.0285645,0.21417199999999997,-0.9274899999999999
1456703949244354,0.305725,-0.0293579,0.21307399999999999,-0.9274899999999999
1456703949259397,0.30761700000000003,-0.030273400000000002,0.211975,-0.927124
1456703949282684,0.308716,-0.0328979,0.211243,-0.9268190000000001
1456703949304615,0.310242,-0.036438,0.211182,-0.926208
1456703949319613,0.308838,-0.0387573,0.211365,-0.926514
1456703949342409,0.309143,-0.039856,0.211853,-0.92627
1456703949364438,0.309265,-0.0387573,0.212463,-0.9261469999999999
1456703949381421,0.307678,-0.035461400000000004,0.21344000000000002,-0.926575
1456703949402456,0.305847,-0.031616200000000004,0.2146,-0.927063
1456703949424421,0.304871,-0.029480000000000003,0.21533200000000002,-0.927307
1456703949439429,0.305664,-0.0289307,0.215881,-0.9268799999999999
1456703949462439,0.30719,-0.028381299999999998,0.21649200000000002,-0.92627
1456703949484441,0.307678,-0.027465800000000002,0.21728499999999998,-0.9259639999999999
1456703949499447,0.307129,-0.025817900000000005,0.218079,-0.9259639999999999
1456703949522725,0.306274,-0.0240479,0.21844499999999997,-0.926208
1456703949544652,0.306152,-0.0228271,0.218506,-0.92627
1456703949559666,0.306824,-0.021850599999999998,0.21844499999999997,-0.9260860000000001
1456703949582746,0.30719,-0.0205078,0.21862800000000002,-0.9259639999999999
1456703949604678,0.306763,-0.0194092,0.21905500000000003,-0.926025
1456703949619683,0.305176,-0.018615700000000002,0.21905500000000003,-0.926575
1456703949642480,0.30480999999999997,-0.0183716,0.218933,-0.926758
1456703949665685,0.306641,-0.0183716,0.218567,-0.926208
1456703949678875,0.308594,-0.0181885,0.21826199999999998,-0.925659
1456703949702956,0.30938699999999997,-0.018066400000000003,0.21862800000000002,-0.925293
1456703949724892,0.309692,-0.0183105,0.21826199999999998,-0.925293
1456703949739692,0.30956999999999996,-0.0186768,0.217957,-0.925415
1456703949762705,0.308838,-0.0183716,0.21820100000000003,-0.9255979999999999
1456703949784707,0.309021,-0.0176392,0.21844499999999997,-0.9254760000000001
1456703949799922,0.30896,-0.0169067,0.21862800000000002,-0.9254760000000001
1456703949822949,0.308899,-0.016723599999999998,0.218506,-0.9254760000000001
1456703949844720,0.309021,-0.016662599999999996,0.218323,-0.925537
1456703949860941,0.309265,-0.0167847,0.218018,-0.925537
1456703949883910,0.309265,-0.016845699999999998,0.218018,-0.925537
1456703949904905,0.30932600000000005,-0.0167847,0.218079,-0.9254760000000001
1456703949920902,0.309753,-0.016723599999999998,0.21814,-0.9253540000000001
1456703949942987,0.309875,-0.016601599999999998,0.218079,-0.925293
1456703949964266,0.309875,-0.016601599999999998,0.218079,-0.925293
1456703949981266,0.309875,-0.016601599999999998,0.218079,-0.925293
1456703950002603,0.30993699999999996,-0.0164185,0.21814,-0.9252319999999999
1456703950032338,0.30993699999999996,-0.0164185,0.21814,-0.9252319999999999
1456703950041300,0.30993699999999996,-0.0164185,0.21814,-0.925293
1456703950062273,0.309875,-0.0164185,0.21814,-0.925293
1456703950084191,0.309875,-0.0164185,0.21814,-0.925293
1456703950100972,0.309875,-0.0164185,0.21814,-0.925293
1456703950122184,0.30993699999999996,-0.0164185,0.21814,-0.925293
1456703950144488,0.309631,-0.0165405,0.21814,-0.9253540000000001
1456703950168990,0.30956999999999996,-0.0165405,0.21814,-0.9253540000000001
1456703950181990,0.309692,-0.016479499999999998,0.21820100000000003,-0.9253540000000001
1456703950204205,0.309692,-0.016479499999999998,0.21820100000000003,-0.9253540000000001
1456703950219992,0.30938699999999997,-0.0165405,0.21814,-0.9254760000000001
1456703950242503,0.30938699999999997,-0.0165405,0.21814,-0.9254760000000001
1456703950282008,0.309143,-0.016479499999999998,0.217957,-0.9255979999999999
1456703950287239,0.309143,-0.016479499999999998,0.217957,-0.9255979999999999
1456703950309223,0.308594,-0.0162964,0.217896,-0.925781
1456703950324224,0.308105,-0.0164185,0.21783400000000003,-0.9259639999999999
1456703950347023,0.308167,-0.0167847,0.217773,-0.9259639999999999
1456703950362024,0.308167,-0.017211900000000002,0.217896,-0.925903
1456703950385026,0.30761700000000003,-0.0176392,0.21783400000000003,-0.9260860000000001
1456703950407330,0.30719,-0.018493700000000002,0.217773,-0.926208
1456703950423028,0.306824,-0.0195923,0.217773,-0.9263309999999999
1456703950444539,0.30688499999999996,-0.020752,0.217773,-0.92627
1456703950467851,0.306946,-0.0219727,0.217712,-0.92627
1456703950482837,0.306213,-0.023132299999999998,0.217712,-0.9264530000000001
1456703950504854,0.305786,-0.0239868,0.217651,-0.926575
1456703950527833,0.305542,-0.0249634,0.217468,-0.9266969999999999
1456703950542852,0.305542,-0.026062000000000002,0.21698,-0.926758
1456703950564575,0.305908,-0.0275269,0.21643099999999998,-0.926758
1456703950587861,0.30633499999999997,-0.029052699999999997,0.21606399999999998,-0.926636
1456703950602865,0.307312,-0.030761700000000003,0.215637,-0.9263309999999999
1456703950624897,0.309082,-0.0321655,0.215027,-0.925842
1456703950647595,0.310913,-0.03302,0.21453899999999998,-0.9253540000000001
1456703950662596,0.310425,-0.034729,0.213623,-0.925659
1456703950684897,0.309692,-0.036499000000000004,0.21344000000000002,-0.925842
1456703950707863,0.308289,-0.0375977,0.21344000000000002,-0.9263309999999999
1456703950722861,0.30956999999999996,-0.0377808,0.213562,-0.925842
1456703950744609,0.309631,-0.0360718,0.21417199999999997,-0.9257200000000001
1456703950767618,0.308044,-0.0325928,0.21514899999999998,-0.9261469999999999
1456703950784619,0.305847,-0.0289307,0.216187,-0.926758
1456703950804620,0.304871,-0.0266724,0.21704099999999998,-0.926941
1456703950834604,0.306824,-0.0259399,0.21728499999999998,-0.92627
1456703950844889,0.30932600000000005,-0.025573699999999998,0.21716300000000002,-0.9254760000000001
1456703950863897,0.310303,-0.0249023,0.217102,-0.925171
1456703950887899,0.31048600000000004,-0.023498500000000002,0.21759,-0.925049
1456703950903898,0.309875,-0.021667500000000003,0.21814,-0.925171
1456703950924900,0.308777,-0.0203857,0.21844499999999997,-0.9254760000000001
1456703950946913,0.30956999999999996,-0.0196533,0.21826199999999998,-0.925293
1456703950963923,0.31140100000000004,-0.019104,0.217896,-0.9248049999999999
1456703950985925,0.312195,-0.0185547,0.217773,-0.9245610000000001
1456703951007924,0.311584,-0.0181274,0.21759,-0.9248049999999999
1456703951023925,0.310791,-0.0178223,0.217651,-0.925049
1456703951044437,0.31073,-0.017334,0.217651,-0.92511
1456703951066947,0.311523,-0.0169067,0.217529,-0.924866
1456703951083946,0.312195,-0.016479499999999998,0.217468,-0.924683
1456703951104948,0.312012,-0.016113299999999997,0.21740700000000002,-0.924744
1456703951127949,0.311646,-0.015686000000000002,0.21740700000000002,-0.924866
1456703951144491,0.311584,-0.015319799999999998,0.217346,-0.924927
1456703951163974,0.311768,-0.0152588,0.21722399999999997,-0.924866
1456703951186970,0.311768,-0.0152588,0.21722399999999997,-0.924866
1456703951203971,0.311768,-0.015319799999999998,0.21722399999999997,-0.924866
1456703951223977,0.311768,-0.015319799999999998,0.21722399999999997,-0.924866
1456703951246988,0.312134,-0.0152588,0.217102,-0.9248049999999999
1456703951269003,0.312134,-0.0152588,0.217102,-0.9248049999999999
1456703951284194,0.312134,-0.015319799999999998,0.217102,-0.9248049999999999
1456703951307192,0.312134,-0.015319799999999998,0.217102,-0.9248049999999999
1456703951324003,0.3125,-0.0155029,0.217102,-0.924683
1456703951344741,0.312927,-0.0157471,0.217102,-0.9245
1456703951367029,0.31311,-0.015930200000000002,0.21704099999999998,-0.9244379999999999
1456703951384024,0.31311,-0.015930200000000002,0.21704099999999998,-0.9244379999999999
1456703951405361,0.31311,-0.015930200000000002,0.21704099999999998,-0.9244379999999999
1456703951427329,0.31304899999999997,-0.0158691,0.21704099999999998,-0.9245
1456703951443539,0.312988,-0.0158691,0.21704099999999998,-0.9245
1456703951464049,0.312988,-0.015930200000000002,0.21704099999999998,-0.9245
1456703951488048,0.312988,-0.015930200000000002,0.21704099999999998,-0.9245
1456703951509330,0.312988,-0.015930200000000002,0.21704099999999998,-0.9245
1456703951524336,0.312927,-0.0159912,0.21704099999999998,-0.9245
1456703951547065,0.312744,-0.0158691,0.21704099999999998,-0.9246219999999999
1456703951569073,0.312744,-0.0158691,0.21704099999999998,-0.9246219999999999
1456703951584293,0.312683,-0.0158691,0.21704099999999998,-0.9246219999999999
1456703951607306,0.312683,-0.016113299999999997,0.216797,-0.9246219999999999
1456703951629288,0.312805,-0.0165405,0.21649200000000002,-0.924683
1456703951644830,0.312683,-0.017211900000000002,0.21606399999999998,-0.9248049999999999
1456703951667106,0.312744,-0.0181885,0.215637,-0.924866
1456703951698107,0.31262199999999996,-0.0192261,0.21533200000000002,-0.9249879999999999
1456703951704388,0.31189,-0.020568799999999998,0.215271,-0.925171
1456703951727438,0.311829,-0.022583000000000002,0.214966,-0.9252319999999999
1456703951743628,0.311157,-0.0251465,0.21472199999999997,-0.9254760000000001
1456703951766138,0.31048600000000004,-0.0282593,0.21423299999999998,-0.9257200000000001
1456703951787474,0.310608,-0.0314331,0.21350100000000002,-0.9257200000000001
1456703951809427,0.310303,-0.034423800000000004,0.212463,-0.9259639999999999
1456703951832853,0.310608,-0.0371094,0.211365,-0.926025
1456703951847156,0.310791,-0.0386353,0.21038800000000002,-0.9261469999999999
1456703951869165,0.311768,-0.0390015,0.2099,-0.925903
1456703951886399,0.312073,-0.0401001,0.20837399999999998,-0.9260860000000001
1456703951907427,0.31304899999999997,-0.041625999999999996,0.208313,-0.925659
1456703951930168,0.31195100000000003,-0.0418091,0.208313,-0.926025
1456703951946180,0.31262199999999996,-0.0402832,0.208984,-0.9257200000000001
1456703951967190,0.312012,-0.036682099999999995,0.210144,-0.925842
1456703951989196,0.309753,-0.031860400000000004,0.21160900000000002,-0.9264530000000001
1456703952006191,0.307739,-0.0272827,0.21283000000000002,-0.927002
1456703952027490,0.307556,-0.024536099999999998,0.213623,-0.926941
1456703952050218,0.309204,-0.0227051,0.21423299999999998,-0.92627
1456703952066212,0.310608,-0.020752,0.215088,-0.925659
1456703952087569,0.311035,-0.0180054,0.216309,-0.925293
1456703952111226,0.311096,-0.0157471,0.21722399999999997,-0.92511
1456703952126215,0.31054699999999996,-0.014465299999999999,0.217712,-0.925171
1456703952147227,0.311096,-0.014099100000000002,0.218018,-0.924927
1456703952170237,0.31256100000000003,-0.0140381,0.217896,-0.9245
1456703952186467,0.31366,-0.013855000000000001,0.217773,-0.924133
1456703952207449,0.313843,-0.013305700000000002,0.217468,-0.924133
1456703952229238,0.313416,-0.0130615,0.21716300000000002,-0.924377
1456703952254466,0.313232,-0.012939500000000001,0.21728499999999998,-0.9244379999999999
1456703952267474,0.313904,-0.012817400000000001,0.217468,-0.924133
1456703952290734,0.31445300000000004,-0.0126953,0.21759,-0.92395
1456703952306739,0.314636,-0.012390100000000001,0.21759,-0.923889
1456703952327740,0.31427,-0.012023899999999999,0.217529,-0.924011
1456703952349490,0.314026,-0.011596700000000001,0.217468,-0.924133
1456703952366493,0.314087,-0.011108400000000001,0.21759,-0.9240719999999999
1456703952387833,0.314148,-0.011108400000000001,0.21759,-0.9240719999999999
1456703952410760,0.314087,-0.011108400000000001,0.21759,-0.9240719999999999
1456703952426494,0.314392,-0.011047399999999999,0.21759,-0.92395
1456703952447507,0.314392,-0.0108032,0.217529,-0.924011
1456703952470516,0.313965,-0.010681200000000002,0.217468,-0.924133
1456703952486516,0.313904,-0.010681200000000002,0.217468,-0.924133
1456703952507834,0.314087,-0.010681200000000002,0.217529,-0.9240719999999999
1456703952531519,0.314087,-0.0106201,0.217529,-0.9240719999999999
1456703952545528,0.313904,-0.0105591,0.217468,-0.9241940000000001
1456703952567538,0.31366,-0.010498,0.21740700000000002,-0.9242549999999999
1456703952590868,0.31359899999999996,-0.010498,0.21740700000000002,-0.9242549999999999
1456703952606540,0.31366,-0.010498,0.21740700000000002,-0.9242549999999999
1456703952627832,0.313538,-0.010376,0.217346,-0.924316
1456703952649560,0.313171,-0.0101929,0.21728499999999998,-0.9244379999999999
1456703952666561,0.312683,-0.0100708,0.21722399999999997,-0.9246219999999999
1456703952689562,0.31262199999999996,-0.0100708,0.21722399999999997,-0.9246219999999999
1456703952710820,0.312683,-0.0101318,0.217102,-0.924683
1456703952726564,0.31256100000000003,-0.010437,0.216736,-0.9248049999999999
1456703952749581,0.312134,-0.010864299999999999,0.21643099999999998,-0.9249879999999999
1456703952770582,0.31189,-0.011474600000000001,0.216125,-0.925171
1456703952786583,0.311584,-0.012573200000000001,0.215637,-0.9253540000000001
1456703952809585,0.310608,-0.014099100000000002,0.21539299999999997,-0.9257200000000001
1456703952830587,0.309875,-0.016357399999999998,0.21466100000000002,-0.9260860000000001
1456703952846595,0.308838,-0.0192261,0.21398899999999998,-0.926514
1456703952868827,0.3078,-0.0228271,0.213135,-0.927002
1456703952890604,0.3078,-0.026977499999999998,0.211731,-0.9272459999999999
1456703952912604,0.30749499999999996,-0.03125,0.21044899999999997,-0.9274899999999999
1456703952936588,0.30761700000000003,-0.0357666,0.20916700000000002,-0.927551
1456703952950839,0.30847199999999997,-0.039856,0.208252,-0.927307
1456703952973841,0.30950900000000003,-0.0428467,0.207092,-0.927124
1456703952987841,0.310425,-0.04479980000000001,0.20636,-0.9268799999999999
1456703953010843,0.310852,-0.0457153,0.207092,-0.926514
1456703953032851,0.31066900000000003,-0.0463257,0.20672600000000002,-0.926636
1456703953048862,0.30896,-0.0467529,0.206909,-0.927124
1456703953069868,0.309082,-0.0458374,0.207092,-0.927063
1456703953092862,0.309875,-0.043273900000000004,0.208252,-0.9266969999999999
1456703953108863,0.308899,-0.0386353,0.209961,-0.9268190000000001
1456703953129867,0.306274,-0.03332519999999999,0.21160900000000002,-0.927551
1456703953151890,0.304749,-0.0292969,0.212585,-0.927917
1456703953168884,0.306152,-0.0274048,0.21331799999999998,-0.9273680000000001
1456703953190885,0.309753,-0.026184100000000002,0.21344000000000002,-0.926208
1456703953219889,0.312134,-0.024475099999999996,0.213562,-0.925415
1456703953228889,0.312866,-0.022644,0.213867,-0.92511
1456703953249948,0.311584,-0.021667500000000003,0.21417199999999997,-0.925537
1456703953271906,0.310181,-0.021301300000000002,0.21466100000000002,-0.925903
1456703953288907,0.311096,-0.0211182,0.214844,-0.925537
1456703953310168,0.313354,-0.0211792,0.21472199999999997,-0.9248049999999999
1456703953332129,0.31488,-0.021301300000000002,0.21411100000000002,-0.9244379999999999
1456703953349145,0.314758,-0.0211792,0.21398899999999998,-0.9245
1456703953370147,0.313416,-0.020874,0.21411100000000002,-0.924927
1456703953392409,0.31366,-0.0206299,0.21423299999999998,-0.9248049999999999
1456703953409147,0.314758,-0.0202637,0.214417,-0.9244379999999999
1456703953430150,0.315308,-0.0200195,0.21447800000000003,-0.9242549999999999
1456703953452585,0.315247,-0.0200195,0.21447800000000003,-0.9242549999999999
1456703953468733,0.31549099999999997,-0.0199585,0.21447800000000003,-0.9241940000000001
1456703953489729,0.316101,-0.0198975,0.21435500000000002,-0.924011
1456703953512607,0.31604,-0.0199585,0.214294,-0.924011
1456703953528729,0.315735,-0.0198975,0.214294,-0.924133
1456703953551523,0.315735,-0.0199585,0.214294,-0.924133
1456703953572524,0.315857,-0.020080599999999997,0.21398899999999998,-0.924133
1456703953588525,0.315735,-0.0203857,0.213806,-0.9242549999999999
1456703953610757,0.31549099999999997,-0.0206299,0.213867,-0.924316
1456703953640535,0.315735,-0.0206909,0.213867,-0.9242549999999999
1456703953648536,0.316223,-0.0206299,0.213623,-0.9240719999999999
1456703953671546,0.316589,-0.0206909,0.21344000000000002,-0.924011
1456703953692755,0.316589,-0.0206909,0.21344000000000002,-0.924011
1456703953708725,0.316589,-0.0206909,0.21344000000000002,-0.924011
1456703953731714,0.316589,-0.0206909,0.21344000000000002,-0.924011
1456703953752775,0.316589,-0.0206909,0.21344000000000002,-0.924011
1456703953768776,0.316345,-0.0206909,0.21331799999999998,-0.924133
1456703953791777,0.315796,-0.020752,0.21325700000000003,-0.924316
1456703953812779,0.31543000000000004,-0.020812999999999998,0.21337899999999999,-0.9244379999999999
1456703953828779,0.31543000000000004,-0.020812999999999998,0.21337899999999999,-0.9244379999999999
1456703953850715,0.31543000000000004,-0.020812999999999998,0.21337899999999999,-0.9244379999999999
1456703953872750,0.315125,-0.0206299,0.21337899999999999,-0.9245610000000001
1456703953888721,0.31488,-0.0205078,0.21331799999999998,-0.9246219999999999
1456703953918720,0.314819,-0.0205078,0.21331799999999998,-0.9246219999999999
1456703953931722,0.314819,-0.0205078,0.21331799999999998,-0.9246219999999999
1456703953948231,0.314819,-0.0205078,0.21331799999999998,-0.924683
1456703953970740,0.31445300000000004,-0.020812999999999998,0.21325700000000003,-0.9248049999999999
1456703953991748,0.31427,-0.0210571,0.21307399999999999,-0.924866
1456703954007743,0.31427,-0.0214844,0.21270799999999998,-0.924927
1456703954030757,0.314087,-0.0221558,0.212463,-0.925049
1456703954053762,0.314209,-0.023193400000000003,0.212036,-0.92511
1456703954067816,0.314636,-0.024414099999999998,0.21142600000000003,-0.925049
1456703954090765,0.315186,-0.025817900000000005,0.210815,-0.9249879999999999
1456703954112771,0.314148,-0.0275269,0.21044899999999997,-0.9253540000000001
1456703954128765,0.31189,-0.0291748,0.210022,-0.9261469999999999
1456703954151070,0.310303,-0.0314331,0.209229,-0.9268190000000001
1456703954172075,0.309814,-0.0352173,0.20776399999999998,-0.927185
1456703954195335,0.31054699999999996,-0.0391235,0.20636,-0.927063
1456703954211072,0.311035,-0.0420532,0.20538299999999998,-0.927002
1456703954232134,0.311218,-0.04479980000000001,0.204102,-0.927063
1456703954255130,0.31066900000000003,-0.0474243,0.202942,-0.9274290000000001
1456703954271094,0.311218,-0.049743699999999995,0.201965,-0.927307
1456703954292319,0.312012,-0.051391599999999996,0.20105,-0.927124
1456703954315289,0.312683,-0.0516357,0.20080599999999998,-0.926941
1456703954331347,0.311707,-0.0523071,0.19927999999999998,-0.927551
1456703954360455,0.311768,-0.053283699999999996,0.198792,-0.9276120000000001
1456703954375161,0.31073,-0.0532227,0.199097,-0.927917
1456703954391140,0.31140100000000004,-0.0521851,0.199707,-0.9276120000000001
1456703954412422,0.312012,-0.049133300000000005,0.20105,-0.927307
1456703954435476,0.310852,-0.04479980000000001,0.202576,-0.927551
1456703954450987,0.309143,-0.0406494,0.203796,-0.92804
1456703954473987,0.309021,-0.0383301,0.20471199999999998,-0.9279790000000001
1456703954495251,0.311157,-0.0371704,0.205017,-0.9272459999999999
1456703954510989,0.31366,-0.0356445,0.2052,-0.926392
1456703954531996,0.314575,-0.0333862,0.20538299999999998,-0.9261469999999999
1456703954555041,0.314148,-0.0308228,0.20605500000000002,-0.92627
1456703954571037,0.31262199999999996,-0.0288086,0.206848,-0.926636
1456703954594004,0.311768,-0.027893099999999997,0.207275,-0.9268799999999999
1456703954615005,0.312744,-0.0279541,0.207275,-0.926575
1456703954631200,0.314209,-0.027893099999999997,0.206848,-0.9261469999999999
1456703954654226,0.315125,-0.026977499999999998,0.20654299999999998,-0.925903
1456703954675509,0.315247,-0.0251465,0.20666500000000002,-0.925903
1456703954691504,0.314697,-0.0236206,0.20697,-0.926025
1456703954714231,0.313904,-0.023376499999999998,0.20666500000000002,-0.926392
1456703954735786,0.314758,-0.024231,0.206604,-0.9260860000000001
1456703954751542,0.316223,-0.0249023,0.206604,-0.9255979999999999
1456703954774542,0.317078,-0.0250854,0.20648200000000003,-0.9253540000000001
1456703954795791,0.31665,-0.024841299999999997,0.206421,-0.9254760000000001
1456703954811544,0.31561300000000003,-0.024475099999999996,0.206421,-0.925842
1456703954834303,0.315002,-0.0241699,0.20654299999999998,-0.926025
1456703954855546,0.315186,-0.0240479,0.20654299999999998,-0.9259639999999999
1456703954871215,0.315796,-0.023864700000000003,0.20648200000000003,-0.925781
1456703954894181,0.315796,-0.023498500000000002,0.20654299999999998,-0.925781
1456703954915487,0.31506300000000004,-0.0232544,0.206604,-0.926025
1456703954931184,0.31506300000000004,-0.0232544,0.206604,-0.926025
1456703954954222,0.31561300000000003,-0.0232544,0.206421,-0.925903
1456703954975223,0.31604,-0.023376499999999998,0.206177,-0.925781
1456703954991485,0.31561300000000003,-0.023498500000000002,0.206238,-0.925903
1456703955014227,0.315125,-0.023681599999999997,0.20629899999999998,-0.9260860000000001
1456703955035748,0.31543000000000004,-0.0238037,0.20629899999999998,-0.9259639999999999
1456703955051029,0.315857,-0.023864700000000003,0.206238,-0.925842
1456703955074030,0.315857,-0.023864700000000003,0.206238,-0.925842
1456703955095292,0.315369,-0.023864700000000003,0.206238,-0.9259639999999999
1456703955111030,0.315308,-0.023864700000000003,0.206238,-0.926025
1456703955134678,0.315552,-0.0238037,0.206177,-0.9259639999999999
1456703955155559,0.315552,-0.023864700000000003,0.206177,-0.9259639999999999
1456703955171503,0.315247,-0.023864700000000003,0.20605500000000002,-0.9260860000000001
1456703955194534,0.314575,-0.0239868,0.205994,-0.9263309999999999
1456703955215308,0.314209,-0.024231,0.20581100000000002,-0.9264530000000001
1456703955231507,0.31427,-0.024475099999999996,0.205627,-0.926514
1456703955253713,0.313965,-0.024841299999999997,0.20544400000000002,-0.926636
1456703955275713,0.313721,-0.0252686,0.2052,-0.926758
1456703955291714,0.313721,-0.0257568,0.204773,-0.9268190000000001
1456703955314717,0.313538,-0.026367200000000004,0.204529,-0.926941
1456703955335736,0.312683,-0.027343799999999998,0.204224,-0.9272459999999999
1456703955351245,0.31189,-0.028503399999999998,0.20385699999999998,-0.927551
1456703955373284,0.311157,-0.029663099999999998,0.203674,-0.927795
1456703955395614,0.310425,-0.0311279,0.203247,-0.9281010000000001
1456703955411248,0.30993699999999996,-0.0332642,0.202759,-0.928284
1456703955433250,0.309631,-0.035949699999999994,0.202026,-0.928467
1456703955455772,0.30950900000000003,-0.0385132,0.201294,-0.9285889999999999
1456703955470739,0.309265,-0.040405300000000005,0.200562,-0.9287110000000001
1456703955492558,0.309082,-0.041931199999999995,0.199829,-0.928894
1456703955515703,0.308777,-0.0432129,0.199097,-0.929077
1456703955537547,0.308167,-0.0443726,0.198547,-0.929321
1456703955552791,0.308289,-0.045349099999999996,0.19812000000000002,-0.929321
1456703955575790,0.30938699999999997,-0.0458374,0.19958499999999998,-0.92865
1456703955597792,0.311707,-0.0476685,0.198669,-0.9279790000000001
1456703955612792,0.3125,-0.0483398,0.197998,-0.927795
1456703955637607,0.312134,-0.0475464,0.197632,-0.92804
1456703955656912,0.312012,-0.045898400000000006,0.197937,-0.9281010000000001
1456703955672907,0.31073,-0.043273900000000004,0.199036,-0.928406
1456703955695909,0.309753,-0.0401611,0.200378,-0.9285889999999999
1456703955717125,0.30993699999999996,-0.0368652,0.201416,-0.928467
1456703955732912,0.311157,-0.03417969999999999,0.201782,-0.9281010000000001
1456703955756733,0.31256100000000003,-0.0328979,0.201599,-0.927673
1456703955777734,0.31311,-0.0322876,0.20153800000000002,-0.927551
1456703955792735,0.313171,-0.0319824,0.20153800000000002,-0.927551
1456703955815737,0.313416,-0.0314331,0.201904,-0.9273680000000001
1456703955837700,0.31445300000000004,-0.030151400000000002,0.20263699999999998,-0.926941
1456703955860042,0.31445300000000004,-0.028869599999999995,0.20343,-0.926758
1456703955876036,0.314392,-0.027832,0.203735,-0.926758
1456703955897039,0.315247,-0.0266724,0.204041,-0.9264530000000001
1456703955913040,0.315247,-0.0251465,0.204163,-0.9264530000000001
1456703955936656,0.315002,-0.0236206,0.204407,-0.926514
1456703955957345,0.31433099999999997,-0.022216800000000002,0.20483400000000002,-0.9266969999999999
1456703955973345,0.314148,-0.021301300000000002,0.20532199999999998,-0.9266969999999999
1456703955996347,0.315308,-0.0206299,0.20544400000000002,-0.92627
1456703956017355,0.316711,-0.020080599999999997,0.20538299999999998,-0.925842
1456703956033349,0.316956,-0.0195923,0.205688,-0.925659
1456703956056173,0.316467,-0.0194092,0.20575,-0.925842
1456703956077475,0.316711,-0.0194702,0.205627,-0.925781
1456703956093176,0.31738299999999997,-0.0194092,0.20550500000000002,-0.9255979999999999
1456703956116176,0.31738299999999997,-0.0194092,0.20550500000000002,-0.9255979999999999
1456703956139469,0.31652800000000003,-0.0192261,0.205627,-0.925842
1456703956153477,0.316467,-0.0192261,0.205627,-0.925842
1456703956176648,0.317078,-0.0193481,0.205566,-0.925659
1456703956196479,0.318176,-0.019287099999999998,0.20532199999999998,-0.9253540000000001
1456703956212606,0.31750500000000004,-0.018981900000000003,0.20550500000000002,-0.925537
1456703956236223,0.316345,-0.0184326,0.205566,-0.925903
1456703956256741,0.316223,-0.0181274,0.205627,-0.9259639999999999
1456703956272734,0.317017,-0.018249500000000002,0.205566,-0.9257200000000001
1456703956296737,0.31781,-0.018493700000000002,0.20550500000000002,-0.9254760000000001
1456703956317736,0.317871,-0.018493700000000002,0.20550500000000002,-0.925415
1456703956332738,0.317627,-0.018615700000000002,0.20544400000000002,-0.925537
1456703956355674,0.317627,-0.018615700000000002,0.20544400000000002,-0.925537
1456703956377544,0.31811500000000004,-0.0185547,0.205261,-0.925415
1456703956392713,0.318237,-0.0187378,0.205261,-0.9253540000000001
1456703956416545,0.31811500000000004,-0.018981900000000003,0.20550500000000002,-0.9253540000000001
1456703956437629,0.318298,-0.018981900000000003,0.20575,-0.9252319999999999
1456703956452847,0.318542,-0.0185547,0.205994,-0.92511
1456703956475850,0.318604,-0.0180054,0.205994,-0.925049
1456703956498850,0.318604,-0.0180054,0.205994,-0.925049
1456703956512851,0.318909,-0.018066400000000003,0.20587199999999997,-0.9249879999999999
1456703956536361,0.319458,-0.018066400000000003,0.20587199999999997,-0.9248049999999999
1456703956558870,0.319885,-0.017761199999999998,0.205994,-0.9246219999999999
1456703956579870,0.319946,-0.0175171,0.20605500000000002,-0.9246219999999999
1456703956595871,0.32006799999999996,-0.0171509,0.20581100000000002,-0.9246219999999999
1456703956618872,0.321106,-0.016479499999999998,0.205078,-0.9244379999999999
1456703956632873,0.32250999999999996,-0.0157471,0.204529,-0.9240719999999999
1456703956656185,0.323975,-0.0148315,0.204346,-0.923645
1456703956679186,0.324707,-0.014221200000000002,0.204346,-0.923401
1456703956693187,0.324158,-0.013977100000000001,0.204529,-0.923523
1456703956716188,0.323792,-0.013916,0.204529,-0.923645
1456703956739483,0.323792,-0.013855000000000001,0.204407,-0.9237059999999999
1456703956760326,0.323303,-0.0137939,0.204285,-0.923889
1456703956775992,0.323364,-0.0137939,0.204285,-0.923889
1456703956798997,0.323303,-0.0140381,0.204224,-0.923889
1456703956820358,0.323364,-0.0144043,0.204224,-0.923889
1456703956836662,0.32373,-0.014892600000000002,0.204163,-0.923767
1456703956859014,0.323914,-0.015075700000000001,0.204102,-0.9237059999999999
1456703956880014,0.324158,-0.0152588,0.204163,-0.923584
1456703956896015,0.324524,-0.015319799999999998,0.204163,-0.9234620000000001
1456703956919016,0.324524,-0.0152588,0.204529,-0.923401
1456703956940536,0.324341,-0.015136700000000001,0.20483400000000002,-0.923401
1456703956956046,0.324707,-0.015014600000000001,0.205078,-0.923218
1456703956979048,0.32489,-0.014953600000000001,0.205261,-0.9230959999999999
1456703957000316,0.32513400000000003,-0.0148315,0.20544400000000002,-0.922974
1456703957016276,0.325317,-0.0148315,0.20544400000000002,-0.9229129999999999
1456703957039533,0.325317,-0.0148315,0.20544400000000002,-0.9229129999999999
1456703957060581,0.325256,-0.014892600000000002,0.20544400000000002,-0.9229129999999999
1456703957076527,0.325256,-0.014892600000000002,0.20544400000000002,-0.9229129999999999
1456703957106284,0.325256,-0.014892600000000002,0.20544400000000002,-0.9229129999999999
1456703957120621,0.325256,-0.0148315,0.20544400000000002,-0.9229129999999999
1456703957136286,0.325256,-0.0148315,0.20544400000000002,-0.9229129999999999
1456703957159309,0.32519499999999996,-0.0148315,0.20544400000000002,-0.922974
1456703957180325,0.325317,-0.0147705,0.20532199999999998,-0.9229129999999999
1456703957196313,0.325378,-0.0148315,0.2052,-0.9229129999999999
1456703957219312,0.325378,-0.0148315,0.2052,-0.922974
1456703957240699,0.325317,-0.0148315,0.2052,-0.922974
1456703957256137,0.325439,-0.014892600000000002,0.205017,-0.922974
1456703957278137,0.32556199999999996,-0.015014600000000001,0.204773,-0.922974
1456703957300180,0.32556199999999996,-0.015075700000000001,0.204468,-0.923035
1456703957316174,0.325378,-0.015319799999999998,0.204163,-0.923157
1456703957338356,0.325317,-0.0155029,0.20391800000000002,-0.923218
1456703957360395,0.3255,-0.015563999999999998,0.203735,-0.923218
1456703957376580,0.32556199999999996,-0.0157471,0.203491,-0.9232790000000001
